"Source Name","E-Mail From","E-Mail To",Subject,"Date Received","Message (Plaintext)","Message ID",Path,"Thread ID","Data Source","Has Attachments"
msg_25.txt,"MAILER-DAEMON@zinfandel.lacita.com;","linuxuser-admin@www.linux.org.uk;","Returned mail: Too many hops 19 (17 max): from <linuxuser-admin@www.linux.org.uk> via [199.164.235.226], to <scoffman@wellpartner.com>","2001-04-06 19:23:06 EET","This is a MIME-encapsulated message

--JAB03225.986577786/zinfandel.lacita.com

The original message was received at Fri, 6 Apr 2001 09:23:03 -0800 (GMT-0800)
f...","Not available",msg_25.txt,"c6c98be2-9dab-4df3-b3f5-c12977935205",jo-2009-11-16.E01,
msg_43.txt,"; >;",webmaster@python.org;,"Banned file: auto__mail.python.bat in mail from you","2004-11-27 05:41:44 EET","BANNED FILENAME ALERT

Your message to: xxxxxxx@dot.ca.gov, xxxxxxxxxxxxx@dot.ca.gov, xxxxxxxxxx@dot.ca.gov, xxxxxxxx@dot.ca.gov, xxxxxxxxxx@dot.ca.gov, xxxxxx@...","Not available",msg_43.txt,"699dc834-5243-45ca-8eda-8553e2e0cd2a",jo-2009-11-16.E01,Yes
