"Source Name","Date Modified","Data Source","Date Created",Owner,Organization,Description
biblio.dbf,"2006-12-05 00:00:00 EET",jo-2009-11-16.E01,,,,
soffice.odp,"2009-04-16 11:32:35 EET",jo-2009-11-16.E01,"2009-04-16 11:32:32 EET",,,
soffice.ods,"2009-04-16 11:32:50 EET",jo-2009-11-16.E01,"2009-04-16 11:32:48 EET",,,
soffice.odt,"2009-04-16 11:32:06 EET",jo-2009-11-16.E01,"2009-04-16 11:32:02 EET",,,
biblio.dbf,"2006-12-05 00:00:00 EET",jo-2009-11-16.E01,,,,
LICENSE_de.rtf,,jo-2009-11-16.E01,"2009-04-02 08:55:00 EET",,,
LICENSE_es.rtf,,jo-2009-11-16.E01,"2009-04-01 10:33:00 EET",,,
LICENSE_fr.rtf,,jo-2009-11-16.E01,"2009-04-01 17:22:00 EET",,,
LICENSE_it.rtf,,jo-2009-11-16.E01,"2009-04-02 15:09:00 EET",ac,Alpha,
LICENSE_ja.rtf,,jo-2009-11-16.E01,"2009-06-12 12:14:00 EEST",,,
LICENSE_sv.rtf,,jo-2009-11-16.E01,"2007-10-02 07:29:00 EET",,,
LICENSE_zh_CN.rtf,,jo-2009-11-16.E01,"2009-04-01 09:46:00 EET",Alpha_SC,Alpha,
biblio.dbf,"2006-12-05 00:00:00 EET",jo-2009-11-16.E01,,,,
lyt-aqua.otp,"2006-12-14 14:28:39 EET",jo-2009-11-16.E01,"2005-11-30 14:00:41 EET","Ilko Hoepping",,"Blue Border"
lyt-blackandwhite.otp,"2006-12-14 14:28:03 EET",jo-2009-11-16.E01,"2006-06-28 15:51:02 EEST","Ilko Hoepping",,"Black and White"
idxexample.odt,"2002-06-27 17:12:24 EEST",jo-2009-11-16.E01,"1999-12-07 16:24:14 EET","Tom Verbeek",,
lyt-bluegrey.otp,"2006-12-14 14:26:47 EET",jo-2009-11-16.E01,"2005-11-30 11:16:56 EET","Ilko Hoepping",,"Blue and Grey"
lyt-bluelinesgrad.otp,"2006-12-14 14:25:15 EET",jo-2009-11-16.E01,"2006-07-11 11:57:48 EEST","Ilko Hoepping",,"Blue Lines and Gradients"
lyt-bluetitledown.otp,"2008-04-28 16:44:42 EEST",jo-2009-11-16.E01,"2006-07-11 12:02:21 EEST","Volker Ahrendt",,"Blue with Bottom Title"
lyt-brown.otp,"2006-12-14 14:44:44 EET",jo-2009-11-16.E01,"2006-08-04 13:47:32 EEST","Ilko Hoepping",,Brown
lyt-book.otp,"2006-12-14 14:29:12 EET",jo-2009-11-16.E01,"2005-11-24 17:33:52 EET","Ilko Hoepping",,Notebook
lyt-charglow.otp,"2006-12-14 14:43:57 EET",jo-2009-11-16.E01,"2006-08-17 14:41:41 EEST","Ilko Hoepping",,"Characters with Glow"
lyt-forest.otp,"2008-07-08 16:27:18 EEST",jo-2009-11-16.E01,"2008-04-04 16:18:04 EET",,,Forest
lyt-frepa.otp,"2006-12-14 14:42:35 EET",jo-2009-11-16.E01,"2006-08-04 13:40:43 EEST","Ilko Hoepping",,Fresco
lyt-glacier.otp,"2008-07-08 16:24:11 EEST",jo-2009-11-16.E01,"2008-04-04 16:32:41 EET",,,Glacier
lyt-greengradlines.otp,"2008-04-28 16:45:36 EEST",jo-2009-11-16.E01,"2006-07-11 12:00:18 EEST","Volker Ahrendt",,"Green with White Lines"
lyt-keyboard.otp,"2008-07-08 16:22:29 EEST",jo-2009-11-16.E01,"2008-04-04 16:36:08 EET",,,Keyboard
lyt-movwaves.otp,"2006-12-14 14:32:57 EET",jo-2009-11-16.E01,"2006-08-04 13:18:47 EEST","Ilko Hoepping",,"Light Blue Shapes"
lyt-numdark.otp,"2008-04-28 16:46:48 EEST",jo-2009-11-16.E01,"2006-08-17 14:22:11 EEST","Ilko Hoepping",,"Numbers on Dark Background"
lyt-ocean.otp,"2006-12-14 14:33:59 EET",jo-2009-11-16.E01,"2005-11-30 11:19:50 EET","Ilko Hoepping",,"Blue Step Gradients"
lyt-organic.otp,"2006-12-14 14:36:39 EET",jo-2009-11-16.E01,"2006-06-28 16:03:01 EEST","Ilko Hoepping",,"White Blue and Lightnings"
lyt-paper.otp,"2006-12-14 14:57:51 EET",jo-2009-11-16.E01,"2006-06-28 16:21:39 EEST","Ilko Hoepping",,"Noise Paper"
lyt-rededges.otp,"2006-12-14 14:56:06 EET",jo-2009-11-16.E01,"2006-08-04 13:45:05 EEST","Ilko Hoepping",,"Red Noise Shapes"
lyt-roundedrect.otp,"2006-12-14 14:54:39 EET",jo-2009-11-16.E01,"2006-08-17 14:32:53 EEST","Ilko Hoepping",,"Rounded Rectangles"
lyt-sunrise.otp,"2006-12-14 14:53:16 EET",jo-2009-11-16.E01,"2005-11-30 11:07:00 EET","Ilko Hoepping",,"Blue and Red Gradient"
lyt-tunnel.otp,"2006-12-14 14:50:24 EET",jo-2009-11-16.E01,"2005-11-24 17:19:41 EET","Ilko Hoepping",,Tunnel
lyt-techpoly.otp,"2006-12-14 14:51:29 EET",jo-2009-11-16.E01,"2006-04-20 11:06:11 EET","Ilko Hoepping",,"Technical Polygon"
lyt-water.otp,"2008-07-08 16:18:15 EEST",jo-2009-11-16.E01,"2008-04-04 16:24:35 EET",,,Water
lyt-wine.otp,"2008-07-08 16:16:15 EEST",jo-2009-11-16.E01,"2008-04-04 16:28:55 EET",,,Wine
aw-7red.ott,"2004-07-14 09:37:52 EEST",jo-2009-11-16.E01,"2004-06-18 12:05:08 EEST","Ilko Höpping",,Red
bus-elegant_l.ott,"2007-12-10 12:15:25 EET",jo-2009-11-16.E01,"2000-01-04 11:52:02 EET","Peter Thielmann",,Elegant
bus-modern_l.ott,"2007-12-10 12:15:11 EET",jo-2009-11-16.E01,"2000-01-04 11:52:02 EET","Peter Thielmann",,Modern
bus-office_l.ott,"2007-12-10 12:14:42 EET",jo-2009-11-16.E01,"2000-01-04 11:52:02 EET","Peter Thielmann",,Office
off-elegant_l.ott,"2007-12-10 12:17:54 EET",jo-2009-11-16.E01,"2000-01-04 11:52:02 EET","Peter Thielmann",,Elegant
off-modern_l.ott,"2007-12-10 12:14:55 EET",jo-2009-11-16.E01,"2000-01-04 11:52:02 EET","Peter Thielmann",,Modern
off-office_l.ott,"2007-12-10 12:15:41 EET",jo-2009-11-16.E01,"2000-01-04 11:52:02 EET","Peter Thielmann",,Office
pri-bottle_l.ott,"2005-07-28 15:25:59 EEST",jo-2009-11-16.E01,"2000-01-04 11:52:02 EET","Peter Thielmann",,Bottle
pri-mail_l.ott,"2005-07-28 15:25:49 EEST",jo-2009-11-16.E01,"2000-01-04 11:52:02 EET","Peter Thielmann",,Mail
pri-redline_l.ott,"2005-07-28 15:25:37 EEST",jo-2009-11-16.E01,"2000-01-04 11:52:02 EET","Peter Thielmann",,"Red Line"
pri-marine_l.ott,"2005-07-28 15:26:10 EEST",jo-2009-11-16.E01,"2000-01-04 11:52:02 EET","Peter Thielmann",,Marine
bus-elegant_l.ott,"2005-12-20 13:08:18 EET",jo-2009-11-16.E01,"2000-01-04 11:52:02 EET","Peter Thielmann",,Елегантно
bus-modern_l.ott,"2005-12-20 14:04:26 EET",jo-2009-11-16.E01,"2000-01-04 11:52:02 EET","Peter Thielmann",,Модерно
bus-office_l.ott,"2005-12-20 14:04:29 EET",jo-2009-11-16.E01,"2000-01-04 11:52:02 EET","Peter Thielmann",,Офис
off-elegant_l.ott,"2005-12-20 14:04:30 EET",jo-2009-11-16.E01,"2000-01-04 11:52:02 EET","Peter Thielmann",,Елегантно
off-office_l.ott,"2005-12-20 14:04:23 EET",jo-2009-11-16.E01,"2000-01-04 11:52:02 EET","Peter Thielmann",,Офис
off-modern_l.ott,"2005-12-20 14:04:32 EET",jo-2009-11-16.E01,"2000-01-04 11:52:02 EET","Peter Thielmann",,Модерно
pri-bottle_l.ott,"2005-12-13 02:54:54 EET",jo-2009-11-16.E01,"2000-01-04 11:52:02 EET","Peter Thielmann",,Бутилка
pri-mail_l.ott,"2005-12-13 02:54:44 EET",jo-2009-11-16.E01,"2000-01-04 11:52:02 EET","Peter Thielmann",,Поща
pri-redline_l.ott,"2005-12-13 02:54:24 EET",jo-2009-11-16.E01,"2000-01-04 11:52:02 EET","Peter Thielmann",,"Червена линия"
pri-marine_l.ott,"2005-12-13 02:54:34 EET",jo-2009-11-16.E01,"2000-01-04 11:52:02 EET","Peter Thielmann",,Морски
bus-elegant_l.ott,"2007-12-10 12:03:14 EET",jo-2009-11-16.E01,"2000-01-04 11:52:02 EET","Peter Thielmann",,Elegantní
bus-modern_l.ott,"2007-12-10 12:02:29 EET",jo-2009-11-16.E01,"2000-01-04 11:52:02 EET","Peter Thielmann",,Moderní
bus-office_l.ott,"2007-12-10 12:01:31 EET",jo-2009-11-16.E01,"2000-01-04 11:52:02 EET","Peter Thielmann",,Kancelářský
off-elegant_l.ott,"2007-12-10 12:00:08 EET",jo-2009-11-16.E01,"2000-01-04 11:52:02 EET","Peter Thielmann",,Elegantní
off-office_l.ott,"2007-12-10 12:04:10 EET",jo-2009-11-16.E01,"2000-01-04 11:52:02 EET","Peter Thielmann",,Kancelářský
off-modern_l.ott,"2007-12-10 12:04:56 EET",jo-2009-11-16.E01,"2000-01-04 11:52:02 EET","Peter Thielmann",,Moderní
pri-bottle_l.ott,"2005-03-12 12:28:59 EET",jo-2009-11-16.E01,"2000-01-04 11:52:02 EET","Peter Thielmann",,Láhev
pri-mail_l.ott,"2005-03-12 12:28:49 EET",jo-2009-11-16.E01,"2000-01-04 11:52:02 EET","Peter Thielmann",,Dopis
pri-redline_l.ott,"2005-03-12 12:28:29 EET",jo-2009-11-16.E01,"2000-01-04 11:52:02 EET","Peter Thielmann",,"Červená linka"
pri-marine_l.ott,"2005-03-12 12:28:39 EET",jo-2009-11-16.E01,"2000-01-04 11:52:02 EET","Peter Thielmann",,Námořnický
bus-elegant_l.ott,"2007-12-10 12:08:06 EET",jo-2009-11-16.E01,"2000-01-04 11:52:02 EET","Peter Thielmann",,Elegant
bus-modern_l.ott,"2007-12-10 12:07:02 EET",jo-2009-11-16.E01,"2000-01-04 11:52:02 EET","Peter Thielmann",,Moderne
bus-office_l.ott,"2007-12-10 12:09:26 EET",jo-2009-11-16.E01,"2000-01-04 11:52:02 EET","Peter Thielmann",,Kontor
off-elegant_l.ott,"2007-12-10 12:08:53 EET",jo-2009-11-16.E01,"2000-01-04 11:52:02 EET","Peter Thielmann",,Elegant
off-office_l.ott,"2007-12-10 12:07:39 EET",jo-2009-11-16.E01,"2000-01-04 11:52:02 EET","Peter Thielmann",,Kontor
off-modern_l.ott,"2007-12-10 12:08:25 EET",jo-2009-11-16.E01,"2000-01-04 11:52:02 EET","Peter Thielmann",,Moderne
pri-bottle_l.ott,"2005-07-28 15:25:59 EEST",jo-2009-11-16.E01,"2000-01-04 11:52:02 EET","Peter Thielmann",,Flaske
pri-mail_l.ott,"2005-07-28 15:25:49 EEST",jo-2009-11-16.E01,"2000-01-04 11:52:02 EET","Peter Thielmann",,Post
pri-redline_l.ott,"2005-07-28 15:25:37 EEST",jo-2009-11-16.E01,"2000-01-04 11:52:02 EET","Peter Thielmann",,"Rød linje"
pri-marine_l.ott,"2005-07-28 15:26:10 EEST",jo-2009-11-16.E01,"2000-01-04 11:52:02 EET","Peter Thielmann",,Marine
bus-elegant_l.ott,"2008-11-12 15:40:54 EET",jo-2009-11-16.E01,"2000-01-04 11:52:02 EET","Peter Thielmann",,Elegant
bus-modern_l.ott,"2008-11-12 15:40:46 EET",jo-2009-11-16.E01,"2000-01-04 11:52:02 EET","Peter Thielmann",,Modern
off-elegant_l.ott,"2007-12-04 12:51:56 EET",jo-2009-11-16.E01,"2000-01-04 11:52:02 EET","Peter Thielmann",,Elegant
bus-office_l.ott,"2008-11-12 15:40:31 EET",jo-2009-11-16.E01,"2000-01-04 11:52:02 EET","Peter Thielmann",,Office
off-office_l.ott,"2007-12-04 13:05:56 EET",jo-2009-11-16.E01,"2000-01-04 11:52:02 EET","Peter Thielmann",,Office
off-modern_l.ott,"2007-12-04 13:11:41 EET",jo-2009-11-16.E01,"2000-01-04 11:52:02 EET","Peter Thielmann",,Modern
pri-bottle_l.ott,"2005-07-28 15:24:34 EEST",jo-2009-11-16.E01,"2000-01-04 11:52:02 EET","Peter Thielmann",,Flaschenpost
pri-mail_l.ott,"2005-07-28 15:24:59 EEST",jo-2009-11-16.E01,"2000-01-04 11:52:02 EET","Peter Thielmann",,Briefumschlag
pri-redline_l.ott,"2005-07-28 15:24:22 EEST",jo-2009-11-16.E01,"2000-01-04 11:52:02 EET","Peter Thielmann",,"Rote Linie"
pri-marine_l.ott,"2005-07-28 15:24:45 EEST",jo-2009-11-16.E01,"2000-01-04 11:52:02 EET","Peter Thielmann",,Marine
bus-modern_l.ott,"2007-12-10 12:12:16 EET",jo-2009-11-16.E01,"2000-01-04 11:52:02 EET","Peter Thielmann",,Modern
bus-elegant_l.ott,"2007-12-10 12:12:44 EET",jo-2009-11-16.E01,"2000-01-04 11:52:02 EET","Peter Thielmann",,Elegant
off-elegant_l.ott,"2007-12-10 12:10:56 EET",jo-2009-11-16.E01,"2000-01-04 11:52:02 EET","Peter Thielmann",,Elegant
bus-office_l.ott,"2007-12-10 12:11:21 EET",jo-2009-11-16.E01,"2000-01-04 11:52:02 EET","Peter Thielmann",,Office
off-office_l.ott,"2007-12-10 12:13:00 EET",jo-2009-11-16.E01,"2000-01-04 11:52:02 EET","Peter Thielmann",,Office
off-modern_l.ott,"2007-12-10 12:10:30 EET",jo-2009-11-16.E01,"2000-01-04 11:52:02 EET","Peter Thielmann",,Modern
pri-bottle_l.ott,"2005-05-17 15:37:27 EEST",jo-2009-11-16.E01,"2000-01-04 11:52:02 EET","Peter Thielmann",,Bottle
pri-mail_l.ott,"2005-05-17 15:37:12 EEST",jo-2009-11-16.E01,"2000-01-04 11:52:02 EET","Peter Thielmann",,Mail
pri-redline_l.ott,"2005-05-17 15:36:54 EEST",jo-2009-11-16.E01,"2000-01-04 11:52:02 EET","Peter Thielmann",,"Red Line"
pri-marine_l.ott,"2005-05-17 15:34:24 EEST",jo-2009-11-16.E01,"2000-01-04 11:52:02 EET","Peter Thielmann",,Marine
bus-elegant_l.ott,"2007-12-10 12:15:25 EET",jo-2009-11-16.E01,"2000-01-04 11:52:02 EET","Peter Thielmann",,Elegant
bus-modern_l.ott,"2007-12-10 12:15:11 EET",jo-2009-11-16.E01,"2000-01-04 11:52:02 EET","Peter Thielmann",,Modern
off-elegant_l.ott,"2007-12-10 12:17:54 EET",jo-2009-11-16.E01,"2000-01-04 11:52:02 EET","Peter Thielmann",,Elegant
bus-office_l.ott,"2007-12-10 12:14:42 EET",jo-2009-11-16.E01,"2000-01-04 11:52:02 EET","Peter Thielmann",,Office
off-office_l.ott,"2007-12-10 12:15:41 EET",jo-2009-11-16.E01,"2000-01-04 11:52:02 EET","Peter Thielmann",,Office
off-modern_l.ott,"2007-12-10 12:14:55 EET",jo-2009-11-16.E01,"2000-01-04 11:52:02 EET","Peter Thielmann",,Modern
pri-bottle_l.ott,"2005-07-28 15:25:59 EEST",jo-2009-11-16.E01,"2000-01-04 11:52:02 EET","Peter Thielmann",,Bottle
pri-mail_l.ott,"2005-07-28 15:25:49 EEST",jo-2009-11-16.E01,"2000-01-04 11:52:02 EET","Peter Thielmann",,Mail
pri-redline_l.ott,"2005-07-28 15:25:37 EEST",jo-2009-11-16.E01,"2000-01-04 11:52:02 EET","Peter Thielmann",,"Red Line"
pri-marine_l.ott,"2005-07-28 15:26:10 EEST",jo-2009-11-16.E01,"2000-01-04 11:52:02 EET","Peter Thielmann",,Marine
bus-elegant_l.ott,"2007-12-10 12:22:05 EET",jo-2009-11-16.E01,"2000-01-04 11:52:02 EET","Peter Thielmann",,Elegante
bus-modern_l.ott,"2007-12-10 12:21:47 EET",jo-2009-11-16.E01,"2000-01-04 11:52:02 EET","Peter Thielmann",,Moderna
off-elegant_l.ott,"2007-12-10 12:20:19 EET",jo-2009-11-16.E01,"2000-01-04 11:52:02 EET","Peter Thielmann",,Elegante
bus-office_l.ott,"2007-12-10 12:20:39 EET",jo-2009-11-16.E01,"2000-01-04 11:52:02 EET","Peter Thielmann",,Administrativa
off-office_l.ott,"2007-12-10 12:22:25 EET",jo-2009-11-16.E01,"2000-01-04 11:52:02 EET","Peter Thielmann",,Administrativa
off-modern_l.ott,"2007-12-10 12:21:17 EET",jo-2009-11-16.E01,"2000-01-04 11:52:02 EET","Peter Thielmann",,Moderna
pri-bottle_l.ott,"2005-07-28 15:27:00 EEST",jo-2009-11-16.E01,"2000-01-04 11:52:02 EET","Peter Thielmann",,Botella
pri-mail_l.ott,"2005-07-28 15:27:22 EEST",jo-2009-11-16.E01,"2000-01-04 11:52:02 EET","Peter Thielmann",,Correo
pri-redline_l.ott,"2005-07-28 15:26:48 EEST",jo-2009-11-16.E01,"2000-01-04 11:52:02 EET","Peter Thielmann",,"Línea roja"
pri-marine_l.ott,"2005-07-28 15:27:12 EEST",jo-2009-11-16.E01,"2000-01-04 11:52:02 EET","Peter Thielmann",,Marina
bus-elegant_l.ott,"2007-02-01 12:15:58 EET",jo-2009-11-16.E01,"2007-02-01 12:14:23 EET",dooteo,,
bus-modern_l.ott,"2007-02-01 12:17:25 EET",jo-2009-11-16.E01,"2007-02-01 12:16:06 EET",dooteo,,
bus-office_l.ott,"2007-02-01 12:18:55 EET",jo-2009-11-16.E01,"2007-02-01 12:17:44 EET",dooteo,,
off-elegant_l.ott,"2007-02-01 12:20:21 EET",jo-2009-11-16.E01,"2007-02-01 12:19:04 EET",dooteo,,
off-office_l.ott,"2007-02-01 12:23:04 EET",jo-2009-11-16.E01,"2007-02-01 12:21:57 EET",dooteo,,
off-modern_l.ott,"2007-02-01 12:21:49 EET",jo-2009-11-16.E01,"2007-02-01 12:20:28 EET",dooteo,,
pri-bottle_l.ott,"2007-02-01 12:24:22 EET",jo-2009-11-16.E01,"2007-02-01 12:23:25 EET",dooteo,,
pri-mail_l.ott,"2007-02-01 12:25:26 EET",jo-2009-11-16.E01,"2007-02-01 12:24:30 EET",dooteo,,
pri-marine_l.ott,"2007-02-01 12:26:25 EET",jo-2009-11-16.E01,"2007-02-01 12:25:33 EET",dooteo,,
pri-redline_l.ott,"2007-02-01 12:27:29 EET",jo-2009-11-16.E01,"2007-02-01 12:26:32 EET",dooteo,,
bus-modern_l.ott,"2007-12-10 12:23:35 EET",jo-2009-11-16.E01,"2000-01-04 11:52:02 EET","Peter Thielmann",,Moderne
bus-elegant_l.ott,"2007-12-10 12:25:12 EET",jo-2009-11-16.E01,"2000-01-04 11:52:02 EET","Peter Thielmann",,Élégante
bus-office_l.ott,"2007-12-10 12:24:30 EET",jo-2009-11-16.E01,"2000-01-04 11:52:02 EET","Peter Thielmann",,Administrative
off-elegant_l.ott,"2007-12-10 12:24:12 EET",jo-2009-11-16.E01,"2000-01-04 11:52:02 EET","Peter Thielmann",,Élégante
off-office_l.ott,"2007-12-10 12:24:57 EET",jo-2009-11-16.E01,"2000-01-04 11:52:02 EET","Peter Thielmann",,Administrative
off-modern_l.ott,"2007-12-10 12:23:51 EET",jo-2009-11-16.E01,"2000-01-04 11:52:02 EET","Peter Thielmann",,Moderne
pri-bottle_l.ott,"2005-07-28 15:28:05 EEST",jo-2009-11-16.E01,"2000-01-04 11:52:02 EET","Peter Thielmann",,Bouteille
pri-mail_l.ott,"2005-07-28 15:28:23 EEST",jo-2009-11-16.E01,"2000-01-04 11:52:02 EET","Peter Thielmann",,Courrier
pri-marine_l.ott,"2005-07-28 15:28:14 EEST",jo-2009-11-16.E01,"2000-01-04 11:52:02 EET","Peter Thielmann",,Marine
pri-redline_l.ott,"2005-07-28 15:27:56 EEST",jo-2009-11-16.E01,"2000-01-04 11:52:02 EET","Peter Thielmann",,"Ligne rouge"
bus-elegant_l.ott,"2007-12-10 12:29:45 EET",jo-2009-11-16.E01,"2005-03-07 19:02:45 EET",,,Elegáns
bus-modern_l.ott,"2007-12-10 12:29:12 EET",jo-2009-11-16.E01,"2005-03-07 18:57:07 EET",,,Modern
off-elegant_l.ott,"2007-12-10 12:26:36 EET",jo-2009-11-16.E01,"2000-01-04 11:52:02 EET","Peter Thielmann",,Elegáns
bus-office_l.ott,"2007-12-10 12:27:56 EET",jo-2009-11-16.E01,"2005-03-07 18:41:53 EET",,,Hivatali
off-office_l.ott,"2007-12-10 12:30:10 EET",jo-2009-11-16.E01,"2005-03-07 18:26:24 EET",,,Hivatali
off-modern_l.ott,"2007-12-10 12:27:04 EET",jo-2009-11-16.E01,"2005-03-07 18:33:21 EET",,,Modern
pri-bottle_l.ott,"2005-03-07 21:18:45 EET",jo-2009-11-16.E01,"2005-03-07 18:16:38 EET",,,Palackposta
pri-mail_l.ott,"2005-03-07 21:18:32 EET",jo-2009-11-16.E01,"2005-03-07 18:15:55 EET",,,Boríték
pri-redline_l.ott,"2005-03-07 21:17:55 EET",jo-2009-11-16.E01,"2005-03-07 15:18:20 EET",,,"Vörös vonal"
pri-marine_l.ott,"2005-03-07 21:18:16 EET",jo-2009-11-16.E01,"2005-03-07 18:11:20 EET",,,Tenger
bus-modern_l.ott,"2007-12-10 12:32:13 EET",jo-2009-11-16.E01,"2000-01-04 11:52:02 EET","Peter Thielmann",,Moderno
bus-elegant_l.ott,"2007-12-10 12:32:30 EET",jo-2009-11-16.E01,"2000-01-04 11:52:02 EET","Peter Thielmann",,Elegante
bus-office_l.ott,"2007-12-10 12:31:53 EET",jo-2009-11-16.E01,"2000-01-04 11:52:02 EET","Peter Thielmann",,Ufficio
off-elegant_l.ott,"2007-12-10 12:31:28 EET",jo-2009-11-16.E01,"2000-01-04 11:52:02 EET","Peter Thielmann",,Elegante
off-office_l.ott,"2007-12-10 12:32:51 EET",jo-2009-11-16.E01,"2000-01-04 11:52:02 EET","Peter Thielmann",,Ufficio
off-modern_l.ott,"2007-12-10 12:31:09 EET",jo-2009-11-16.E01,"2000-01-04 11:52:02 EET","Peter Thielmann",,Moderno
pri-bottle_l.ott,"2005-07-28 15:29:58 EEST",jo-2009-11-16.E01,"2000-01-04 11:52:02 EET","Peter Thielmann",,Bottiglia
pri-mail_l.ott,"2005-07-28 15:30:22 EEST",jo-2009-11-16.E01,"2000-01-04 11:52:02 EET","Peter Thielmann",,Posta
pri-marine_l.ott,"2005-07-28 15:30:11 EEST",jo-2009-11-16.E01,"2000-01-04 11:52:02 EET","Peter Thielmann",,Marina
pri-redline_l.ott,"2005-07-28 15:29:49 EEST",jo-2009-11-16.E01,"2000-01-04 11:52:02 EET","Peter Thielmann",,"Linea rossa"
pri-bottle_l.ott,"2005-07-28 15:31:15 EEST",jo-2009-11-16.E01,"2000-01-04 11:52:02 EET","Peter Thielmann",,ボトル
pri-mail_l.ott,"2005-07-28 15:31:32 EEST",jo-2009-11-16.E01,"2000-01-04 11:52:02 EET","Peter Thielmann",,メール
pri-redline_l.ott,"2005-07-28 15:31:05 EEST",jo-2009-11-16.E01,"2000-01-04 11:52:02 EET","Peter Thielmann",,赤い線
pri-marine_l.ott,"2005-07-28 15:31:25 EEST",jo-2009-11-16.E01,"2000-01-04 11:52:02 EET","Peter Thielmann",,海の
bus-elegant_l.ott,"2005-05-18 14:35:40 EEST",jo-2009-11-16.E01,"2000-01-04 11:52:02 EET","Peter Thielmann",,Elegant
bus-modern_l.ott,"2005-05-18 14:37:38 EEST",jo-2009-11-16.E01,"2000-01-04 11:52:02 EET","Peter Thielmann",,Modern
bus-office_l.ott,"2005-05-18 14:38:48 EEST",jo-2009-11-16.E01,"2000-01-04 11:52:02 EET","Peter Thielmann",,Office
off-elegant_l.ott,"2005-05-18 14:40:19 EEST",jo-2009-11-16.E01,"2000-01-04 11:52:02 EET","Peter Thielmann",,Elegant
off-office_l.ott,"2005-05-18 14:41:06 EEST",jo-2009-11-16.E01,"2000-01-04 11:52:02 EET","Peter Thielmann",,Office
off-modern_l.ott,"2005-05-18 14:42:18 EEST",jo-2009-11-16.E01,"2000-01-04 11:52:02 EET","Peter Thielmann",,Modern
pri-bottle_l.ott,"2005-05-18 14:43:39 EEST",jo-2009-11-16.E01,"2000-01-04 11:52:02 EET","Peter Thielmann",,Bottle
pri-mail_l.ott,"2005-05-18 14:44:47 EEST",jo-2009-11-16.E01,"2000-01-04 11:52:02 EET","Peter Thielmann",,Mail
pri-redline_l.ott,"2005-05-18 14:43:53 EEST",jo-2009-11-16.E01,"2000-01-04 11:52:02 EET","Peter Thielmann",,"Red Line"
pri-marine_l.ott,"2005-05-18 14:44:29 EEST",jo-2009-11-16.E01,"2000-01-04 11:52:02 EET","Peter Thielmann",,Marine
pri-bottle_l.ott,"2005-07-28 15:32:07 EEST",jo-2009-11-16.E01,"2000-01-04 11:52:02 EET","Peter Thielmann",,병
pri-mail_l.ott,"2005-07-28 15:32:36 EEST",jo-2009-11-16.E01,"2000-01-04 11:52:02 EET","Peter Thielmann",,우편
pri-redline_l.ott,"2005-07-28 15:32:20 EEST",jo-2009-11-16.E01,"2000-01-04 11:52:02 EET","Peter Thielmann",,"적색 선"
pri-marine_l.ott,"2005-07-28 15:32:28 EEST",jo-2009-11-16.E01,"2000-01-04 11:52:02 EET","Peter Thielmann",,바다
bus-modern_l.ott,"2007-12-10 12:36:05 EET",jo-2009-11-16.E01,"2000-01-04 11:52:02 EET","Peter Thielmann",,Modern
bus-elegant_l.ott,"2007-12-10 12:36:24 EET",jo-2009-11-16.E01,"2000-01-04 11:52:02 EET","Peter Thielmann",,Elegant
off-elegant_l.ott,"2007-12-10 12:35:44 EET",jo-2009-11-16.E01,"2000-01-04 11:52:02 EET","Peter Thielmann",,Elegant
bus-office_l.ott,"2007-12-10 12:34:23 EET",jo-2009-11-16.E01,"2000-01-04 11:52:02 EET","Peter Thielmann",,Kantoor
off-office_l.ott,"2007-12-10 12:37:14 EET",jo-2009-11-16.E01,"2000-01-04 11:52:02 EET","Peter Thielmann",,Kantoor
off-modern_l.ott,"2007-12-10 12:34:42 EET",jo-2009-11-16.E01,"2000-01-04 11:52:02 EET","Peter Thielmann",,Modern
pri-bottle_l.ott,"2005-06-29 10:07:10 EEST",jo-2009-11-16.E01,"2000-01-04 11:52:02 EET","Peter Thielmann",,Fles
pri-mail_l.ott,"2005-06-29 10:06:01 EEST",jo-2009-11-16.E01,"2000-01-04 11:52:02 EET","Peter Thielmann",,Post
pri-marine_l.ott,"2005-06-29 10:05:46 EEST",jo-2009-11-16.E01,"2000-01-04 11:52:02 EET","Peter Thielmann",,Zeeleven
pri-redline_l.ott,"2005-06-29 10:04:40 EEST",jo-2009-11-16.E01,"2000-01-04 11:52:02 EET","Peter Thielmann",,"Rode lijn"
bus-elegant_l.ott,"2007-12-10 12:39:40 EET",jo-2009-11-16.E01,"2000-01-04 11:52:02 EET","Peter Thielmann",,Elegancki
bus-modern_l.ott,"2007-12-10 12:40:01 EET",jo-2009-11-16.E01,"2000-01-04 11:52:02 EET","Peter Thielmann",,Nowoczesny
bus-office_l.ott,"2007-12-10 12:38:42 EET",jo-2009-11-16.E01,"2000-01-04 11:52:02 EET","Peter Thielmann",,Biurowy
off-elegant_l.ott,"2007-12-10 12:39:19 EET",jo-2009-11-16.E01,"2000-01-04 11:52:02 EET","Peter Thielmann",,Elegancki
off-office_l.ott,"2007-12-10 12:40:19 EET",jo-2009-11-16.E01,"2000-01-04 11:52:02 EET","Peter Thielmann",,Biurowy
off-modern_l.ott,"2007-12-10 12:39:00 EET",jo-2009-11-16.E01,"2000-01-04 11:52:02 EET","Peter Thielmann",,Nowoczesny
pri-bottle_l.ott,"2006-03-15 16:19:32 EET",jo-2009-11-16.E01,"2000-01-04 11:52:02 EET","Peter Thielmann",,Butelka
pri-mail_l.ott,"2006-03-15 16:19:22 EET",jo-2009-11-16.E01,"2000-01-04 11:52:02 EET","Peter Thielmann",,List
pri-redline_l.ott,"2006-03-15 16:21:46 EET",jo-2009-11-16.E01,"2000-01-04 11:52:02 EET","Peter Thielmann",,"Czerwona linia"
pri-marine_l.ott,"2006-03-15 16:19:08 EET",jo-2009-11-16.E01,"2000-01-04 11:52:02 EET","Peter Thielmann",,Morski
bus-elegant_l.ott,"2007-12-10 12:42:35 EET",jo-2009-11-16.E01,"2000-01-04 11:52:02 EET","Peter Thielmann",,Elegante
bus-modern_l.ott,"2007-12-10 12:42:19 EET",jo-2009-11-16.E01,"2000-01-04 11:52:02 EET","Peter Thielmann",,Moderno
bus-office_l.ott,"2007-12-10 12:41:57 EET",jo-2009-11-16.E01,"2000-01-04 11:52:02 EET","Peter Thielmann",,Escritório
off-elegant_l.ott,"2007-12-10 12:41:39 EET",jo-2009-11-16.E01,"2000-01-04 11:52:02 EET","Peter Thielmann",,Elegante
off-office_l.ott,"2007-12-10 12:42:55 EET",jo-2009-11-16.E01,"2000-01-04 11:52:02 EET","Peter Thielmann",,Escritório
off-modern_l.ott,"2007-12-10 12:41:20 EET",jo-2009-11-16.E01,"2000-01-04 11:52:02 EET","Peter Thielmann",,Moderno
pri-bottle_l.ott,"2006-09-18 14:32:57 EEST",jo-2009-11-16.E01,"2000-01-04 11:52:02 EET","Peter Thielmann",,Garrafa
pri-mail_l.ott,"2006-09-18 14:31:34 EEST",jo-2009-11-16.E01,"2000-01-04 11:52:02 EET","Peter Thielmann",,Correio
pri-marine_l.ott,"2006-09-18 14:30:51 EEST",jo-2009-11-16.E01,"2000-01-04 11:52:02 EET","Peter Thielmann",,Marinho
pri-redline_l.ott,"2006-09-18 14:31:16 EEST",jo-2009-11-16.E01,"2000-01-04 11:52:02 EET","Peter Thielmann",,"Linha vermelha"
pri-bottle_l.ott,"2005-07-28 15:33:25 EEST",jo-2009-11-16.E01,"2000-01-04 11:52:02 EET","Peter Thielmann",,Garrafa
pri-mail_l.ott,"2005-07-28 15:33:45 EEST",jo-2009-11-16.E01,"2000-01-04 11:52:02 EET","Peter Thielmann",,Correio
pri-redline_l.ott,"2005-07-28 15:33:17 EEST",jo-2009-11-16.E01,"2000-01-04 11:52:02 EET","Peter Thielmann",,"Linha vernelha"
pri-marine_l.ott,"2005-07-28 15:33:37 EEST",jo-2009-11-16.E01,"2000-01-04 11:52:02 EET","Peter Thielmann",,Naval
bus-elegant_l.ott,"2006-01-27 13:50:27 EET",jo-2009-11-16.E01,"2000-01-04 11:52:02 EET","Peter Thielmann",,Элегантное
bus-modern_l.ott,"2006-01-27 13:50:14 EET",jo-2009-11-16.E01,"2000-01-04 11:52:02 EET","Peter Thielmann",,Современное
bus-office_l.ott,"2006-01-27 13:48:37 EET",jo-2009-11-16.E01,"2000-01-04 11:52:02 EET","Peter Thielmann",,Офис
off-elegant_l.ott,"2006-01-20 14:00:14 EET",jo-2009-11-16.E01,"2000-01-04 11:52:02 EET","Peter Thielmann",,Элегантное
off-office_l.ott,"2006-01-20 14:58:23 EET",jo-2009-11-16.E01,"2000-01-04 11:52:02 EET","Peter Thielmann",,Офис
off-modern_l.ott,"2006-01-24 15:32:05 EET",jo-2009-11-16.E01,"2000-01-04 11:52:02 EET","Peter Thielmann",,Современное
pri-bottle_l.ott,"2006-01-27 13:49:25 EET",jo-2009-11-16.E01,"2000-01-04 11:52:02 EET","Peter Thielmann",,Бутылка
pri-mail_l.ott,"2006-01-23 00:54:38 EET",jo-2009-11-16.E01,"2000-01-04 11:52:02 EET","Peter Thielmann",,Почта
pri-marine_l.ott,"2006-01-23 00:52:39 EET",jo-2009-11-16.E01,"2000-01-04 11:52:02 EET","Peter Thielmann",,Звезда
pri-redline_l.ott,"2006-01-20 14:52:00 EET",jo-2009-11-16.E01,"2000-01-04 11:52:02 EET","Peter Thielmann",,"Красная линия"
bus-elegant_l.ott,"2005-06-05 16:22:43 EEST",jo-2009-11-16.E01,"2000-01-04 11:52:02 EET","Peter Thielmann",,Elegantný
bus-modern_l.ott,"2005-05-22 22:53:41 EEST",jo-2009-11-16.E01,"2000-01-04 11:52:02 EET","Peter Thielmann",,Moderný
bus-office_l.ott,"2005-05-22 22:53:03 EEST",jo-2009-11-16.E01,"2000-01-04 11:52:02 EET","Peter Thielmann",,Kancelária
off-elegant_l.ott,"2005-06-05 16:33:26 EEST",jo-2009-11-16.E01,"2000-01-04 11:52:02 EET","Peter Thielmann",,Elegantný
off-office_l.ott,"2005-06-05 16:32:49 EEST",jo-2009-11-16.E01,"2000-01-04 11:52:02 EET","Peter Thielmann",,Kancelársky
off-modern_l.ott,"2005-06-05 16:33:08 EEST",jo-2009-11-16.E01,"2000-01-04 11:52:02 EET","Peter Thielmann",,Moderný
pri-bottle_l.ott,"2005-06-05 16:32:19 EEST",jo-2009-11-16.E01,"2000-01-04 11:52:02 EET","Peter Thielmann",,Fľaša
pri-mail_l.ott,"2005-06-05 16:32:00 EEST",jo-2009-11-16.E01,"2000-01-04 11:52:02 EET","Peter Thielmann",,Pošta
pri-marine_l.ott,"2005-06-05 16:31:38 EEST",jo-2009-11-16.E01,"2000-01-04 11:52:02 EET","Peter Thielmann",,Námornícky
pri-redline_l.ott,"2005-06-05 16:35:41 EEST",jo-2009-11-16.E01,"2000-01-04 11:52:02 EET","Peter Thielmann",,"Červená čiara"
bus-modern_l.ott,"2005-12-22 00:36:24 EET",jo-2009-11-16.E01,"2000-01-04 11:52:02 EET","Peter Thielmann",,Moderno
bus-elegant_l.ott,"2005-12-22 00:36:29 EET",jo-2009-11-16.E01,"2000-01-04 11:52:02 EET","Peter Thielmann",,Elegantno
off-elegant_l.ott,"2005-12-22 00:36:12 EET",jo-2009-11-16.E01,"2000-01-04 11:52:02 EET","Peter Thielmann",,Elegantno
bus-office_l.ott,"2005-12-22 00:36:18 EET",jo-2009-11-16.E01,"2000-01-04 11:52:02 EET","Peter Thielmann",,Pisarna
off-office_l.ott,"2005-12-22 00:36:00 EET",jo-2009-11-16.E01,"2000-01-04 11:52:02 EET","Peter Thielmann",,Pisarna
off-modern_l.ott,"2005-12-22 00:36:06 EET",jo-2009-11-16.E01,"2000-01-04 11:52:02 EET","Peter Thielmann",,Moderno
pri-bottle_l.ott,"2005-12-19 21:17:07 EET",jo-2009-11-16.E01,"2000-01-04 11:52:02 EET","Peter Thielmann",,Steklenica
pri-mail_l.ott,"2005-12-19 21:17:02 EET",jo-2009-11-16.E01,"2000-01-04 11:52:02 EET","Peter Thielmann",,Pošta
pri-marine_l.ott,"2005-12-19 19:53:47 EET",jo-2009-11-16.E01,"2000-01-04 11:52:02 EET","Peter Thielmann",,Marina
pri-redline_l.ott,"2005-12-18 23:00:53 EET",jo-2009-11-16.E01,"2000-01-04 11:52:02 EET","Peter Thielmann",,"Rdeča črta"
bus-elegant_l.ott,"2007-12-10 12:44:41 EET",jo-2009-11-16.E01,"2000-01-04 11:52:02 EET","Peter Thielmann",,Elegant
bus-modern_l.ott,"2007-12-10 12:45:00 EET",jo-2009-11-16.E01,"2000-01-04 11:52:02 EET","Peter Thielmann",,Modernt
off-elegant_l.ott,"2007-12-10 12:45:54 EET",jo-2009-11-16.E01,"2000-01-04 11:52:02 EET","Peter Thielmann",,Elegant
bus-office_l.ott,"2007-12-10 12:45:31 EET",jo-2009-11-16.E01,"2000-01-04 11:52:02 EET","Peter Thielmann",,Kontor
off-office_l.ott,"2007-12-10 12:44:26 EET",jo-2009-11-16.E01,"2000-01-04 11:52:02 EET","Peter Thielmann",,Kontor
off-modern_l.ott,"2007-12-10 12:47:21 EET",jo-2009-11-16.E01,"2000-01-04 11:52:02 EET","Peter Thielmann",,Modernt
pri-bottle_l.ott,"2005-07-28 15:34:19 EEST",jo-2009-11-16.E01,"2000-01-04 11:52:02 EET","Peter Thielmann",,Flaska
pri-mail_l.ott,"2005-07-28 15:34:38 EEST",jo-2009-11-16.E01,"2000-01-04 11:52:02 EET","Peter Thielmann",,Post
pri-marine_l.ott,"2005-07-28 15:34:26 EEST",jo-2009-11-16.E01,"2000-01-04 11:52:02 EET","Peter Thielmann",,Marint
pri-redline_l.ott,"2005-07-28 15:34:11 EEST",jo-2009-11-16.E01,"2000-01-04 11:52:02 EET","Peter Thielmann",,"Röd linje"
bus-elegant_l.ott,"2005-10-12 10:14:32 EET",jo-2009-11-16.E01,"2000-01-04 11:52:02 EET","Peter Thielmann",,Zarif
bus-modern_l.ott,"2005-10-12 10:15:45 EET",jo-2009-11-16.E01,"2000-01-04 11:52:02 EET","Peter Thielmann",,Çağdaş
off-elegant_l.ott,"2005-10-12 10:20:13 EET",jo-2009-11-16.E01,"2000-01-04 11:52:02 EET","Peter Thielmann",,Zarif
bus-office_l.ott,"2005-10-12 10:17:59 EET",jo-2009-11-16.E01,"2000-01-04 11:52:02 EET","Peter Thielmann",,Ofis
off-office_l.ott,"2005-10-12 11:56:55 EET",jo-2009-11-16.E01,"2000-01-04 11:52:02 EET","Peter Thielmann",,Ofis
off-modern_l.ott,"2005-10-12 11:55:21 EET",jo-2009-11-16.E01,"2000-01-04 11:52:02 EET","Peter Thielmann",,Çağdaş
pri-bottle_l.ott,"2005-10-12 11:58:09 EET",jo-2009-11-16.E01,"2000-01-04 11:52:02 EET","Peter Thielmann",,Şişe
pri-mail_l.ott,"2005-10-12 11:58:52 EET",jo-2009-11-16.E01,"2000-01-04 11:52:02 EET","Peter Thielmann",,E-Posta
pri-marine_l.ott,"2005-10-12 12:00:20 EET",jo-2009-11-16.E01,"2000-01-04 11:52:02 EET","Peter Thielmann",,Deniz
pri-redline_l.ott,"2005-10-12 12:01:12 EET",jo-2009-11-16.E01,"2000-01-04 11:52:02 EET","Peter Thielmann",,"Kırmızı Çizgi"
bus-modern_l.ott,"2008-06-25 23:29:50 EEST",jo-2009-11-16.E01,"2008-06-25 23:29:16 EEST",,,Modern
bus-elegant_l.ott,"2008-06-25 23:29:10 EEST",jo-2009-11-16.E01,"2008-06-25 23:28:32 EEST",,,Elegant
bus-office_l.ott,"2008-06-25 23:30:27 EEST",jo-2009-11-16.E01,"2008-06-25 23:29:56 EEST",,,Office
off-elegant_l.ott,"2008-06-25 23:31:05 EEST",jo-2009-11-16.E01,"2008-06-25 23:30:32 EEST",,,Elegant
off-office_l.ott,"2008-06-25 23:33:21 EEST",jo-2009-11-16.E01,"2008-06-25 23:32:47 EEST",,,Office
off-modern_l.ott,"2008-06-25 23:32:37 EEST",jo-2009-11-16.E01,"2008-06-25 23:31:11 EEST",,,Modern
pri-bottle_l.ott,"2008-06-25 23:33:53 EEST",jo-2009-11-16.E01,"2008-06-25 23:33:27 EEST",,,Bottle
pri-mail_l.ott,"2008-06-25 23:34:24 EEST",jo-2009-11-16.E01,"2008-06-25 23:33:59 EEST",,,Mail
pri-marine_l.ott,"2008-06-25 23:34:55 EEST",jo-2009-11-16.E01,"2008-06-25 23:34:31 EEST",,,Marine
pri-redline_l.ott,"2008-06-25 23:35:28 EEST",jo-2009-11-16.E01,"2008-06-25 23:35:04 EEST",,,"Red Line"
pri-bottle_l.ott,"2005-07-28 15:35:19 EEST",jo-2009-11-16.E01,"2000-01-04 11:52:02 EET","Peter Thielmann",,瓶子
pri-mail_l.ott,"2005-07-28 15:35:42 EEST",jo-2009-11-16.E01,"2000-01-04 11:52:02 EET","Peter Thielmann",,信件
pri-redline_l.ott,"2005-07-28 15:35:12 EEST",jo-2009-11-16.E01,"2000-01-04 11:52:02 EET","Peter Thielmann",,红线
pri-marine_l.ott,"2005-07-28 15:35:28 EEST",jo-2009-11-16.E01,"2000-01-04 11:52:02 EET","Peter Thielmann",,藏青色
pri-bottle_l.ott,"2005-07-28 15:36:39 EEST",jo-2009-11-16.E01,"2000-01-04 11:52:02 EET","Peter Thielmann",,瓶子
pri-mail_l.ott,"2005-07-28 15:36:55 EEST",jo-2009-11-16.E01,"2000-01-04 11:52:02 EET","Peter Thielmann",,郵件
pri-redline_l.ott,"2005-07-28 15:36:31 EEST",jo-2009-11-16.E01,"2000-01-04 11:52:02 EET","Peter Thielmann",,紅線
pri-marine_l.ott,"2005-07-28 15:36:45 EEST",jo-2009-11-16.E01,"2000-01-04 11:52:02 EET","Peter Thielmann",,海洋
JREProperties.class,,jo-2009-11-16.E01,,,,JREProperties
msg_01.txt,,jo-2009-11-16.E01,"2001-05-04 18:05:44 EEST",bbb@ddd.com,,"This is a test message"
msg_02.txt,,jo-2009-11-16.E01,"2001-04-21 00:18:00 EET",ppp-request@zzz.org,,"Ppp digest, Vol 1 #2 - 5 msgs"
msg_03.txt,,jo-2009-11-16.E01,"2001-05-04 18:05:44 EEST",bbb@ddd.com,,"This is a test message"
msg_05.txt,,jo-2009-11-16.E01,,foo,,bar
msg_06.txt,,jo-2009-11-16.E01,"2001-09-13 21:28:42 EEST",barry@zope.com,,"forwarded message from Barry A. Warsaw"
msg_04.txt,,jo-2009-11-16.E01,"2001-09-11 04:05:05 EEST",barry@python.org,,"a simple multipart"
msg_08.txt,,jo-2009-11-16.E01,"2001-04-20 23:35:02 EET","Barry Warsaw <barry@zope.com>",,Lyrics
msg_07.txt,,jo-2009-11-16.E01,"2001-04-20 23:35:02 EET","Barry <barry@digicool.com>",,"Here is your dingus fish"
msg_09.txt,,jo-2009-11-16.E01,"2001-04-20 23:35:02 EET","Barry Warsaw <barry@zope.com>",,Lyrics
msg_10.txt,,jo-2009-11-16.E01,"2001-04-20 23:35:02 EET","Barry Warsaw <barry@zope.com>",,Lyrics
msg_11.txt,,jo-2009-11-16.E01,,,,"The enclosing message"
msg_12.txt,,jo-2009-11-16.E01,"2001-04-20 23:35:02 EET","Barry Warsaw <barry@zope.com>",,Lyrics
msg_12a.txt,,jo-2009-11-16.E01,"2001-04-20 23:35:02 EET","Barry Warsaw <barry@zope.com>",,Lyrics
msg_14.txt,,jo-2009-11-16.E01,"2001-05-04 18:05:44 EEST",bbb@ddd.com,,"This is a test message"
msg_13.txt,,jo-2009-11-16.E01,"2001-04-20 23:35:02 EET","Barry <barry@digicool.com>",,"Here is your dingus fish"
msg_15.txt,,jo-2009-11-16.E01,,xx@xx.dk,,XX
msg_16.txt,,jo-2009-11-16.E01,"2001-09-24 03:14:35 EEST","Internet Mail Delivery <postmaster@ucla.edu>",,"Delivery Notification: Delivery has failed"
msg_23.txt,,jo-2009-11-16.E01,,aperson@dom.ain,,
msg_22.txt,,jo-2009-11-16.E01,"2001-10-16 10:59:25 EET",b@example.com,,
msg_24.txt,,jo-2009-11-16.E01,,bperson@dom.ain,,"A subject"
msg_26.txt,,jo-2009-11-16.E01,"2002-05-12 07:56:15 EEST","Father Time <father.time@xcar.wooster.local>",,"IMAP file test"
msg_27.txt,,jo-2009-11-16.E01,"2002-06-05 01:46:59 EEST",aperson@dom.ain,,"bug demonstration	12345678911234567892123456789312345678941234567895123456789612345678971234567898112345678911234567892123456789112345678911234567892123456789	more text"
msg_28.txt,,jo-2009-11-16.E01,,aperson@dom.ain,,
msg_29.txt,,jo-2009-11-16.E01,"2001-05-04 18:05:44 EEST",bbb@ddd.com,,"This is a test message"
msg_30.txt,,jo-2009-11-16.E01,,aperson@dom.ain,,
msg_32.txt,,jo-2009-11-16.E01,"2000-09-26 17:23:03 EEST","Anne Person <aperson@example.com>",,"Re: Limiting Perl CPU Utilization..."
msg_33.txt,,jo-2009-11-16.E01,"2000-09-27 16:11:09 EEST","Anne Person <aperson@example.com>",,"Re: Limiting Perl CPU Utilization..."
msg_34.txt,,jo-2009-11-16.E01,,aperson@dom.ain,,
msg_35.txt,,jo-2009-11-16.E01,,aperson@dom.ain,,"here's something interesting"
msg_36.txt,,jo-2009-11-16.E01,"1998-12-22 21:55:06 EET",Internet-Drafts@ietf.org,,"I-D ACTION:draft-ietf-mboned-mix-00.txt"
msg_20.txt,,jo-2009-11-16.E01,"2001-05-04 18:05:44 EEST",bbb@ddd.com,,"This is a test message"
msg_21.txt,,jo-2009-11-16.E01,,aperson@dom.ain,,Test
msg_41.txt,,jo-2009-11-16.E01,"2004-07-11 19:09:27 EEST","Allison Dunlap <xxx@example.com>",,64423
msg_42.txt,,jo-2009-11-16.E01,,"Mail Delivery Subsystem <xxx@example.com>",,
msg_44.txt,,jo-2009-11-16.E01,"2001-09-11 04:05:05 EEST",barry@python.org,,"a simple multipart"
dnary.mdb,,jo-2009-11-16.E01,,"Stephen E. Bensley",Microsoft,ias
ias.mdb,,jo-2009-11-16.E01,,"*",Microsoft,sotre
