Name,"Modified Time","Change Time","Access Time","Created Time",Size,"Flags(Dir)","Flags(Meta)",Known,Location,"MD5 Hash","SHA-256 Hash","MIME Type",Extension
"[current folder]","2009-11-17 02:25:23 EET","2009-11-17 02:25:23 EET","2009-11-17 02:25:23 EET","2009-11-09 02:38:23 EET",56,Allocated,Allocated,unknown,"/img_jo-2009-11-16.E01/vol_vol2/WINDOWS/Prefetch/.",,,,
"[parent folder]","2009-11-16 20:52:55 EET","2009-11-16 20:52:55 EET","2009-11-17 02:08:09 EET","2009-11-08 17:45:04 EET",56,Allocated,Allocated,unknown,"/img_jo-2009-11-16.E01/vol_vol2/WINDOWS/Prefetch/..",,,,
ALG.EXE-0F138680.pf,"2009-11-13 06:50:40 EET","2009-11-13 06:50:40 EET","2009-11-13 06:50:40 EET","2009-11-10 02:40:33 EET",35922,Allocated,Allocated,unknown,"/img_jo-2009-11-16.E01/vol_vol2/WINDOWS/Prefetch/ALG.EXE-0F138680.pf",,,application/octet-stream,pf
AVGAM.EXE-0859027A.pf,"2009-11-12 19:17:23 EET","2009-11-12 19:17:23 EET","2009-11-12 19:17:23 EET","2009-11-10 02:40:31 EET",27596,Allocated,Allocated,unknown,"/img_jo-2009-11-16.E01/vol_vol2/WINDOWS/Prefetch/AVGAM.EXE-0859027A.pf",,,application/octet-stream,pf
AVGCMGR.EXE-2204F3C3.pf,"2009-11-17 01:47:20 EET","2009-11-17 01:47:20 EET","2009-11-17 01:47:20 EET","2009-11-09 03:32:34 EET",19302,Allocated,Allocated,unknown,"/img_jo-2009-11-16.E01/vol_vol2/WINDOWS/Prefetch/AVGCMGR.EXE-2204F3C3.pf",,,application/octet-stream,pf
AVGCSRVX.EXE-369D1E21.pf,"2009-11-13 06:55:59 EET","2009-11-13 06:55:59 EET","2009-11-13 06:55:59 EET","2009-11-09 03:17:08 EET",18512,Allocated,Allocated,unknown,"/img_jo-2009-11-16.E01/vol_vol2/WINDOWS/Prefetch/AVGCSRVX.EXE-369D1E21.pf",,,application/octet-stream,pf
"AVGDIAGEX.EXE-31155FE5.pf","2009-11-12 19:17:34 EET","2009-11-12 19:17:34 EET","2009-11-12 19:17:34 EET","2009-11-09 03:22:28 EET",33376,Allocated,Allocated,unknown,"/img_jo-2009-11-16.E01/vol_vol2/WINDOWS/Prefetch/AVGDIAGEX.EXE-31155FE5.pf",,,application/octet-stream,pf
AVGEMC.EXE-1D50AA4A.pf,"2009-11-12 19:17:29 EET","2009-11-12 19:17:29 EET","2009-11-12 19:17:29 EET","2009-11-10 02:40:31 EET",29032,Allocated,Allocated,unknown,"/img_jo-2009-11-16.E01/vol_vol2/WINDOWS/Prefetch/AVGEMC.EXE-1D50AA4A.pf",,,application/octet-stream,pf
AVGFWS9.EXE-33507B1E.pf,"2009-11-12 19:17:24 EET","2009-11-12 19:17:24 EET","2009-11-12 19:17:24 EET","2009-11-10 02:40:29 EET",72236,Allocated,Allocated,unknown,"/img_jo-2009-11-16.E01/vol_vol2/WINDOWS/Prefetch/AVGFWS9.EXE-33507B1E.pf",,,application/octet-stream,pf
"AVGIDSMONITOR.EXE-0A0264AF.pf","2009-11-12 19:17:44 EET","2009-11-12 19:17:44 EET","2009-11-12 19:17:44 EET","2009-11-10 02:41:20 EET",13472,Allocated,Allocated,unknown,"/img_jo-2009-11-16.E01/vol_vol2/WINDOWS/Prefetch/AVGIDSMONITOR.EXE-0A0264AF.pf",,,application/octet-stream,pf
AVGNSX.EXE-1E4BB7C6.pf,"2009-11-12 19:17:26 EET","2009-11-12 19:17:26 EET","2009-11-12 19:17:26 EET","2009-11-10 02:40:31 EET",15956,Allocated,Allocated,unknown,"/img_jo-2009-11-16.E01/vol_vol2/WINDOWS/Prefetch/AVGNSX.EXE-1E4BB7C6.pf",,,application/octet-stream,pf
AVGSRMAX.EXE-3B29F6BC.pf,"2009-11-16 22:03:34 EET","2009-11-16 22:03:34 EET","2009-11-16 22:03:34 EET","2009-11-09 10:03:05 EET",32904,Allocated,Allocated,unknown,"/img_jo-2009-11-16.E01/vol_vol2/WINDOWS/Prefetch/AVGSRMAX.EXE-3B29F6BC.pf",,,application/octet-stream,pf
AVGUPD.EXE-1C156B0E.pf,"2009-11-17 01:18:51 EET","2009-11-17 01:18:51 EET","2009-11-17 01:18:51 EET","2009-11-09 05:18:28 EET",50058,Allocated,Allocated,unknown,"/img_jo-2009-11-16.E01/vol_vol2/WINDOWS/Prefetch/AVGUPD.EXE-1C156B0E.pf",,,application/octet-stream,pf
CMD.EXE-087B4001.pf,"2009-11-17 02:21:47 EET","2009-11-17 02:21:47 EET","2009-11-17 02:21:47 EET","2009-11-16 20:47:21 EET",16636,Allocated,Allocated,unknown,"/img_jo-2009-11-16.E01/vol_vol2/WINDOWS/Prefetch/CMD.EXE-087B4001.pf",,,application/octet-stream,pf
CTFMON.EXE-0E17969B.pf,"2009-11-13 03:46:25 EET","2009-11-13 03:46:25 EET","2009-11-13 03:46:25 EET","2009-11-10 02:44:54 EET",15622,Allocated,Allocated,unknown,"/img_jo-2009-11-16.E01/vol_vol2/WINDOWS/Prefetch/CTFMON.EXE-0E17969B.pf",,,application/octet-stream,pf
DEFRAG.EXE-273F131E.pf,"2009-11-15 13:51:12 EET","2009-11-15 13:51:12 EET","2009-11-15 13:51:12 EET","2009-11-15 13:51:12 EET",15660,Allocated,Allocated,unknown,"/img_jo-2009-11-16.E01/vol_vol2/WINDOWS/Prefetch/DEFRAG.EXE-273F131E.pf",,,application/octet-stream,pf
DFRGNTFS.EXE-269967DF.pf,"2009-11-15 13:51:12 EET","2009-11-15 13:51:12 EET","2009-11-15 13:51:12 EET","2009-11-15 13:51:12 EET",32052,Allocated,Allocated,unknown,"/img_jo-2009-11-16.E01/vol_vol2/WINDOWS/Prefetch/DFRGNTFS.EXE-269967DF.pf",,,application/octet-stream,pf
EXPLORER.EXE-082F38A9.pf,"2009-11-11 22:03:04 EET","2009-11-11 22:03:04 EET","2009-11-11 22:03:04 EET","2009-11-09 02:41:24 EET",66890,Allocated,Allocated,unknown,"/img_jo-2009-11-16.E01/vol_vol2/WINDOWS/Prefetch/EXPLORER.EXE-082F38A9.pf",,,application/octet-stream,pf
"FIREFOX SETUP 3.5.5.EXE-32FD9AA8.pf","2009-11-13 03:50:31 EET","2009-11-13 03:50:31 EET","2009-11-13 03:50:31 EET","2009-11-13 03:50:31 EET",46982,Allocated,Allocated,unknown,"/img_jo-2009-11-16.E01/vol_vol2/WINDOWS/Prefetch/FIREFOX SETUP 3.5.5.EXE-32FD9AA8.pf",,,application/octet-stream,pf
FIREFOX.EXE-28641590.pf,"2009-11-16 21:34:04 EET","2009-11-16 21:34:04 EET","2009-11-16 21:34:04 EET","2009-11-13 03:52:14 EET",91142,Allocated,Allocated,unknown,"/img_jo-2009-11-16.E01/vol_vol2/WINDOWS/Prefetch/FIREFOX.EXE-28641590.pf",,,application/octet-stream,pf
FIXCFG.EXE-2B621A67.pf,"2009-11-17 01:19:00 EET","2009-11-17 01:19:00 EET","2009-11-17 01:19:00 EET","2009-11-09 05:18:47 EET",25852,Allocated,Allocated,unknown,"/img_jo-2009-11-16.E01/vol_vol2/WINDOWS/Prefetch/FIXCFG.EXE-2B621A67.pf",,,application/octet-stream,pf
HELIX.EXE-2AC0706C.pf,"2009-11-13 05:07:23 EET","2009-11-13 05:07:23 EET","2009-11-13 05:07:23 EET","2009-11-13 05:07:23 EET",12280,Allocated,Allocated,unknown,"/img_jo-2009-11-16.E01/vol_vol2/WINDOWS/Prefetch/HELIX.EXE-2AC0706C.pf",,,application/octet-stream,pf
HELPSVC.EXE-2878DDA2.pf,"2009-11-16 04:57:29 EET","2009-11-16 04:57:29 EET","2009-11-16 04:57:29 EET","2009-11-13 04:48:26 EET",51056,Allocated,Allocated,unknown,"/img_jo-2009-11-16.E01/vol_vol2/WINDOWS/Prefetch/HELPSVC.EXE-2878DDA2.pf",,,application/octet-stream,pf
ICWCONN1.EXE-24884676.pf,"2009-11-13 03:58:11 EET","2009-11-13 03:58:11 EET","2009-11-13 03:58:11 EET","2009-11-13 03:58:11 EET",35496,Allocated,Allocated,unknown,"/img_jo-2009-11-16.E01/vol_vol2/WINDOWS/Prefetch/ICWCONN1.EXE-24884676.pf",,,application/octet-stream,pf
IEXPLORE.EXE-27122324.pf,"2009-11-13 03:46:23 EET","2009-11-13 03:46:23 EET","2009-11-13 03:46:39 EET","2009-11-09 02:49:10 EET",90438,Allocated,Allocated,unknown,"/img_jo-2009-11-16.E01/vol_vol2/WINDOWS/Prefetch/IEXPLORE.EXE-27122324.pf",,,application/octet-stream,pf
IMAPI.EXE-0BF740A4.pf,"2009-11-17 02:31:59 EET","2009-11-17 02:31:59 EET","2009-11-17 02:31:59 EET","2009-11-09 02:42:02 EET",58542,Allocated,Allocated,unknown,"/img_jo-2009-11-16.E01/vol_vol2/WINDOWS/Prefetch/IMAPI.EXE-0BF740A4.pf",,,application/octet-stream,pf
JAVA.EXE-076DF237.pf,"2009-11-16 20:47:14 EET","2009-11-16 20:47:14 EET","2009-11-16 20:47:14 EET","2009-11-16 20:47:14 EET",35094,Allocated,Allocated,unknown,"/img_jo-2009-11-16.E01/vol_vol2/WINDOWS/Prefetch/JAVA.EXE-076DF237.pf",,,application/octet-stream,pf
JAVA.EXE-0C263507.pf,"2009-11-16 20:52:57 EET","2009-11-16 20:52:57 EET","2009-11-16 20:52:57 EET","2009-11-16 20:47:13 EET",68464,Allocated,Allocated,unknown,"/img_jo-2009-11-16.E01/vol_vol2/WINDOWS/Prefetch/JAVA.EXE-0C263507.pf",,,application/octet-stream,pf
JAVAW.EXE-2DC32ABC.pf,"2009-11-12 10:11:14 EET","2009-11-12 10:11:14 EET","2009-11-12 10:11:14 EET","2009-11-10 02:56:18 EET",99278,Allocated,Allocated,unknown,"/img_jo-2009-11-16.E01/vol_vol2/WINDOWS/Prefetch/JAVAW.EXE-2DC32ABC.pf",,,application/octet-stream,pf
JAVAWS.EXE-021AC9A9.pf,"2009-11-12 10:11:15 EET","2009-11-12 10:11:15 EET","2009-11-12 10:11:15 EET","2009-11-10 03:18:26 EET",15346,Allocated,Allocated,unknown,"/img_jo-2009-11-16.E01/vol_vol2/WINDOWS/Prefetch/JAVAWS.EXE-021AC9A9.pf",,,application/octet-stream,pf
"JQSNOTIFY.EXE-24AE4A36.pf","2009-11-16 23:08:10 EET","2009-11-16 23:08:10 EET","2009-11-16 23:08:10 EET","2009-11-13 03:52:51 EET",7694,Allocated,Allocated,unknown,"/img_jo-2009-11-16.E01/vol_vol2/WINDOWS/Prefetch/JQSNOTIFY.EXE-24AE4A36.pf",,,application/octet-stream,pf
Layout.ini,"2009-11-16 21:21:09 EET","2009-11-16 21:21:09 EET","2009-11-16 21:21:09 EET","2009-11-09 04:07:55 EET",256624,Allocated,Allocated,unknown,"/img_jo-2009-11-16.E01/vol_vol2/WINDOWS/Prefetch/Layout.ini",,,application/octet-stream,ini
LOGON.SCR-151EFAEA.pf,"2009-11-17 02:20:28 EET","2009-11-17 02:20:28 EET","2009-11-17 02:20:28 EET","2009-11-09 03:11:14 EET",8456,Allocated,Allocated,unknown,"/img_jo-2009-11-16.E01/vol_vol2/WINDOWS/Prefetch/LOGON.SCR-151EFAEA.pf",,,application/octet-stream,pf
LOGONUI.EXE-0AF22957.pf,"2009-11-17 02:31:56 EET","2009-11-17 02:31:56 EET","2009-11-17 02:31:56 EET","2009-11-09 02:38:43 EET",20134,Allocated,Allocated,unknown,"/img_jo-2009-11-16.E01/vol_vol2/WINDOWS/Prefetch/LOGONUI.EXE-0AF22957.pf",,,application/octet-stream,pf
MDD_1.3.EXE-39265EDE.pf,"2009-11-17 02:22:34 EET","2009-11-17 02:22:34 EET","2009-11-17 02:22:34 EET","2009-11-17 02:22:34 EET",52496,Allocated,Allocated,unknown,"/img_jo-2009-11-16.E01/vol_vol2/WINDOWS/Prefetch/MDD_1.3.EXE-39265EDE.pf",,,application/octet-stream,pf
MSIEXEC.EXE-2F8A8CAE.pf,"2009-11-13 03:57:06 EET","2009-11-13 03:57:06 EET","2009-11-13 03:57:06 EET","2009-11-09 02:41:43 EET",40986,Allocated,Allocated,unknown,"/img_jo-2009-11-16.E01/vol_vol2/WINDOWS/Prefetch/MSIEXEC.EXE-2F8A8CAE.pf",,,application/octet-stream,pf
MSIMN.EXE-38BA891D.pf,"2009-11-16 21:33:34 EET","2009-11-16 21:33:34 EET","2009-11-16 21:33:34 EET","2009-11-13 03:57:47 EET",101440,Allocated,Allocated,unknown,"/img_jo-2009-11-16.E01/vol_vol2/WINDOWS/Prefetch/MSIMN.EXE-38BA891D.pf",,,application/octet-stream,pf
NTOSBOOT-B00DFAAD.pf,"2009-11-13 06:50:40 EET","2009-11-13 06:50:40 EET","2009-11-13 06:50:40 EET","2009-11-09 03:22:27 EET",1297402,Allocated,Allocated,unknown,"/img_jo-2009-11-16.E01/vol_vol2/WINDOWS/Prefetch/NTOSBOOT-B00DFAAD.pf",,,application/octet-stream,pf
REGSVR32.EXE-25EEFE2F.pf,"2009-11-13 04:30:55 EET","2009-11-13 04:30:55 EET","2009-11-13 04:30:55 EET","2009-11-09 02:41:26 EET",37116,Allocated,Allocated,unknown,"/img_jo-2009-11-16.E01/vol_vol2/WINDOWS/Prefetch/REGSVR32.EXE-25EEFE2F.pf",,,application/octet-stream,pf
RUNDLL32.EXE-12E27DD0.pf,"2009-11-14 02:55:31 EET","2009-11-14 02:55:31 EET","2009-11-14 02:55:31 EET","2009-11-14 02:55:31 EET",44950,Allocated,Allocated,unknown,"/img_jo-2009-11-16.E01/vol_vol2/WINDOWS/Prefetch/RUNDLL32.EXE-12E27DD0.pf",,,application/octet-stream,pf
RUNDLL32.EXE-173808FA.pf,"2009-11-17 02:20:03 EET","2009-11-17 02:20:03 EET","2009-11-17 02:20:03 EET","2009-11-17 02:20:03 EET",16126,Allocated,Allocated,unknown,"/img_jo-2009-11-16.E01/vol_vol2/WINDOWS/Prefetch/RUNDLL32.EXE-173808FA.pf",,,application/octet-stream,pf
RUNDLL32.EXE-17D51176.pf,"2009-11-16 21:26:40 EET","2009-11-16 21:26:40 EET","2009-11-16 21:26:40 EET","2009-11-16 21:26:40 EET",26896,Allocated,Allocated,unknown,"/img_jo-2009-11-16.E01/vol_vol2/WINDOWS/Prefetch/RUNDLL32.EXE-17D51176.pf",,,application/octet-stream,pf
RUNDLL32.EXE-24814D9E.pf,"2009-11-17 02:25:23 EET","2009-11-17 02:25:23 EET","2009-11-17 02:25:23 EET","2009-11-17 02:25:23 EET",17788,Allocated,Allocated,unknown,"/img_jo-2009-11-16.E01/vol_vol2/WINDOWS/Prefetch/RUNDLL32.EXE-24814D9E.pf",,,application/octet-stream,pf
RUNDLL32.EXE-451FC2C0.pf,"2009-11-17 02:31:51 EET","2009-11-17 02:31:51 EET","2009-11-17 02:31:51 EET","2009-11-13 05:07:08 EET",15178,Allocated,Allocated,unknown,"/img_jo-2009-11-16.E01/vol_vol2/WINDOWS/Prefetch/RUNDLL32.EXE-451FC2C0.pf",,,application/octet-stream,pf
SETUP.EXE-2E227ED1.pf,"2009-11-13 03:50:44 EET","2009-11-13 03:50:44 EET","2009-11-13 03:50:44 EET","2009-11-13 03:50:44 EET",11322,Allocated,Allocated,unknown,"/img_jo-2009-11-16.E01/vol_vol2/WINDOWS/Prefetch/SETUP.EXE-2E227ED1.pf",,,application/octet-stream,pf
SOFFICE.BIN-01E25E9C.pf,"2009-11-17 02:08:16 EET","2009-11-17 02:08:16 EET","2009-11-17 02:08:16 EET","2009-11-16 20:46:23 EET",56328,Allocated,Allocated,unknown,"/img_jo-2009-11-16.E01/vol_vol2/WINDOWS/Prefetch/SOFFICE.BIN-01E25E9C.pf",,,application/octet-stream,pf
SOFFICE.EXE-358D937C.pf,"2009-11-17 02:08:16 EET","2009-11-17 02:08:16 EET","2009-11-17 02:08:16 EET","2009-11-16 20:46:23 EET",53184,Allocated,Allocated,unknown,"/img_jo-2009-11-16.E01/vol_vol2/WINDOWS/Prefetch/SOFFICE.EXE-358D937C.pf",,,application/octet-stream,pf
USERINIT.EXE-30B18140.pf,"2009-11-11 22:03:01 EET","2009-11-11 22:03:01 EET","2009-11-11 22:03:01 EET","2009-11-09 02:41:24 EET",23278,Allocated,Allocated,unknown,"/img_jo-2009-11-16.E01/vol_vol2/WINDOWS/Prefetch/USERINIT.EXE-30B18140.pf",,,application/octet-stream,pf
VERCLSID.EXE-3667BD89.pf,"2009-11-17 02:21:10 EET","2009-11-17 02:21:10 EET","2009-11-17 02:21:34 EET","2009-11-09 02:41:45 EET",22712,Allocated,Allocated,unknown,"/img_jo-2009-11-16.E01/vol_vol2/WINDOWS/Prefetch/VERCLSID.EXE-3667BD89.pf",,,application/octet-stream,pf
WMIC.EXE-3B772CC6.pf,"2009-11-16 20:47:23 EET","2009-11-16 20:47:23 EET","2009-11-16 20:47:23 EET","2009-11-16 20:47:21 EET",28772,Allocated,Allocated,unknown,"/img_jo-2009-11-16.E01/vol_vol2/WINDOWS/Prefetch/WMIC.EXE-3B772CC6.pf",,,application/octet-stream,pf
WMIPRVSE.EXE-28F301A9.pf,"2009-11-16 22:50:13 EET","2009-11-16 22:50:13 EET","2009-11-16 22:50:13 EET","2009-11-09 02:38:51 EET",30138,Allocated,Allocated,unknown,"/img_jo-2009-11-16.E01/vol_vol2/WINDOWS/Prefetch/WMIPRVSE.EXE-28F301A9.pf",,,application/octet-stream,pf
WUAUCLT.EXE-399A8E72.pf,"2009-11-16 10:58:04 EET","2009-11-16 10:58:04 EET","2009-11-16 10:58:04 EET","2009-11-09 02:39:23 EET",21212,Allocated,Allocated,unknown,"/img_jo-2009-11-16.E01/vol_vol2/WINDOWS/Prefetch/WUAUCLT.EXE-399A8E72.pf",,,application/octet-stream,pf
"AVG_FREE_STB_ALL_9_39_CNET.EX-18690ADC.pf","0000-00-00 00:00:00","0000-00-00 00:00:00","0000-00-00 00:00:00","0000-00-00 00:00:00",0,Unallocated,,unknown,"/img_jo-2009-11-16.E01/vol_vol2/WINDOWS/Prefetch/AVG_FREE_STB_ALL_9_39_CNET.EX-18690ADC.pf",,,application/octet-stream,pf
AVGFRW.EXE-10C26B11.pf,"0000-00-00 00:00:00","0000-00-00 00:00:00","0000-00-00 00:00:00","0000-00-00 00:00:00",0,Unallocated,,unknown,"/img_jo-2009-11-16.E01/vol_vol2/WINDOWS/Prefetch/AVGFRW.EXE-10C26B11.pf",,,application/octet-stream,pf
"AVGIDSMONITOR.EXE-0A0264AF.pf","0000-00-00 00:00:00","0000-00-00 00:00:00","0000-00-00 00:00:00","0000-00-00 00:00:00",0,Unallocated,,unknown,"/img_jo-2009-11-16.E01/vol_vol2/WINDOWS/Prefetch/AVGIDSMONITOR.EXE-0A0264AF.pf",,,application/octet-stream,pf
AVGRSX.EXE-1B973CDE.pf,"0000-00-00 00:00:00","0000-00-00 00:00:00","0000-00-00 00:00:00","0000-00-00 00:00:00",0,Unallocated,,unknown,"/img_jo-2009-11-16.E01/vol_vol2/WINDOWS/Prefetch/AVGRSX.EXE-1B973CDE.pf",,,application/octet-stream,pf
AVGTRAY.EXE-3209AA20.pf,"0000-00-00 00:00:00","0000-00-00 00:00:00","0000-00-00 00:00:00","0000-00-00 00:00:00",0,Unallocated,,unknown,"/img_jo-2009-11-16.E01/vol_vol2/WINDOWS/Prefetch/AVGTRAY.EXE-3209AA20.pf",,,application/octet-stream,pf
AVGUPD.EXE-1C156B0E.pf,"0000-00-00 00:00:00","0000-00-00 00:00:00","0000-00-00 00:00:00","0000-00-00 00:00:00",0,Unallocated,,unknown,"/img_jo-2009-11-16.E01/vol_vol2/WINDOWS/Prefetch/AVGUPD.EXE-1C156B0E.pf",,,application/octet-stream,pf
AVGWDSVC.EXE-18F164F9.pf,"0000-00-00 00:00:00","0000-00-00 00:00:00","0000-00-00 00:00:00","0000-00-00 00:00:00",0,Unallocated,,unknown,"/img_jo-2009-11-16.E01/vol_vol2/WINDOWS/Prefetch/AVGWDSVC.EXE-18F164F9.pf",,,application/octet-stream,pf
CMD.EXE-087B4001.pf,"0000-00-00 00:00:00","0000-00-00 00:00:00","0000-00-00 00:00:00","0000-00-00 00:00:00",0,Unallocated,,unknown,"/img_jo-2009-11-16.E01/vol_vol2/WINDOWS/Prefetch/CMD.EXE-087B4001.pf",,,application/octet-stream,pf
CSRSS.EXE-12B63473.pf,"0000-00-00 00:00:00","0000-00-00 00:00:00","0000-00-00 00:00:00","0000-00-00 00:00:00",0,Unallocated,,unknown,"/img_jo-2009-11-16.E01/vol_vol2/WINDOWS/Prefetch/CSRSS.EXE-12B63473.pf",,,application/octet-stream,pf
DFRGNTFS.EXE-269967DF.pf,"0000-00-00 00:00:00","0000-00-00 00:00:00","0000-00-00 00:00:00","0000-00-00 00:00:00",0,Unallocated,,unknown,"/img_jo-2009-11-16.E01/vol_vol2/WINDOWS/Prefetch/DFRGNTFS.EXE-269967DF.pf",,,application/octet-stream,pf
MSIEXEC.EXE-2F8A8CAE.pf,"0000-00-00 00:00:00","0000-00-00 00:00:00","0000-00-00 00:00:00","0000-00-00 00:00:00",0,Unallocated,,unknown,"/img_jo-2009-11-16.E01/vol_vol2/WINDOWS/Prefetch/MSIEXEC.EXE-2F8A8CAE.pf",,,application/octet-stream,pf
RUNDLL32.EXE-4499C56E.pf,"0000-00-00 00:00:00","0000-00-00 00:00:00","0000-00-00 00:00:00","0000-00-00 00:00:00",0,Unallocated,,unknown,"/img_jo-2009-11-16.E01/vol_vol2/WINDOWS/Prefetch/RUNDLL32.EXE-4499C56E.pf",,,application/octet-stream,pf
RUNDLL32.EXE-4499C56E.pf,"0000-00-00 00:00:00","0000-00-00 00:00:00","0000-00-00 00:00:00","0000-00-00 00:00:00",0,Unallocated,,unknown,"/img_jo-2009-11-16.E01/vol_vol2/WINDOWS/Prefetch/RUNDLL32.EXE-4499C56E.pf",,,application/octet-stream,pf
RUNDLL32.EXE-4B1DB1FC.pf,"0000-00-00 00:00:00","0000-00-00 00:00:00","0000-00-00 00:00:00","0000-00-00 00:00:00",0,Unallocated,,unknown,"/img_jo-2009-11-16.E01/vol_vol2/WINDOWS/Prefetch/RUNDLL32.EXE-4B1DB1FC.pf",,,application/octet-stream,pf
UNREGMP2.EXE-07CACB61.pf,"0000-00-00 00:00:00","0000-00-00 00:00:00","0000-00-00 00:00:00","0000-00-00 00:00:00",0,Unallocated,,unknown,"/img_jo-2009-11-16.E01/vol_vol2/WINDOWS/Prefetch/UNREGMP2.EXE-07CACB61.pf",,,application/octet-stream,pf
UPDATE.EXE-00D48DA0.pf,"0000-00-00 00:00:00","0000-00-00 00:00:00","0000-00-00 00:00:00","0000-00-00 00:00:00",0,Unallocated,,unknown,"/img_jo-2009-11-16.E01/vol_vol2/WINDOWS/Prefetch/UPDATE.EXE-00D48DA0.pf",,,application/octet-stream,pf
UPDATE.EXE-097AB9EA.pf,"0000-00-00 00:00:00","0000-00-00 00:00:00","0000-00-00 00:00:00","0000-00-00 00:00:00",0,Unallocated,,unknown,"/img_jo-2009-11-16.E01/vol_vol2/WINDOWS/Prefetch/UPDATE.EXE-097AB9EA.pf",,,application/octet-stream,pf
UPDATE.EXE-0C91AD74.pf,"0000-00-00 00:00:00","0000-00-00 00:00:00","0000-00-00 00:00:00","0000-00-00 00:00:00",0,Unallocated,,unknown,"/img_jo-2009-11-16.E01/vol_vol2/WINDOWS/Prefetch/UPDATE.EXE-0C91AD74.pf",,,application/octet-stream,pf
UPDATE.EXE-0C91AD74.pf,"0000-00-00 00:00:00","0000-00-00 00:00:00","0000-00-00 00:00:00","0000-00-00 00:00:00",0,Unallocated,,unknown,"/img_jo-2009-11-16.E01/vol_vol2/WINDOWS/Prefetch/UPDATE.EXE-0C91AD74.pf",,,application/octet-stream,pf
UPDATE.EXE-1DF9644E.pf,"0000-00-00 00:00:00","0000-00-00 00:00:00","0000-00-00 00:00:00","0000-00-00 00:00:00",0,Unallocated,,unknown,"/img_jo-2009-11-16.E01/vol_vol2/WINDOWS/Prefetch/UPDATE.EXE-1DF9644E.pf",,,application/octet-stream,pf
UPDATE.EXE-234587C4.pf,"0000-00-00 00:00:00","0000-00-00 00:00:00","0000-00-00 00:00:00","0000-00-00 00:00:00",0,Unallocated,,unknown,"/img_jo-2009-11-16.E01/vol_vol2/WINDOWS/Prefetch/UPDATE.EXE-234587C4.pf",,,application/octet-stream,pf
UPDATE.EXE-236B6381.pf,"0000-00-00 00:00:00","0000-00-00 00:00:00","0000-00-00 00:00:00","0000-00-00 00:00:00",0,Unallocated,,unknown,"/img_jo-2009-11-16.E01/vol_vol2/WINDOWS/Prefetch/UPDATE.EXE-236B6381.pf",,,application/octet-stream,pf
UPDATE.EXE-240C16ED.pf,"0000-00-00 00:00:00","0000-00-00 00:00:00","0000-00-00 00:00:00","0000-00-00 00:00:00",0,Unallocated,,unknown,"/img_jo-2009-11-16.E01/vol_vol2/WINDOWS/Prefetch/UPDATE.EXE-240C16ED.pf",,,application/octet-stream,pf
UPDATE.EXE-24942353.pf,"0000-00-00 00:00:00","0000-00-00 00:00:00","0000-00-00 00:00:00","0000-00-00 00:00:00",0,Unallocated,,unknown,"/img_jo-2009-11-16.E01/vol_vol2/WINDOWS/Prefetch/UPDATE.EXE-24942353.pf",,,application/octet-stream,pf
UPDATE.EXE-2B72BD4F.pf,"0000-00-00 00:00:00","0000-00-00 00:00:00","0000-00-00 00:00:00","0000-00-00 00:00:00",0,Unallocated,,unknown,"/img_jo-2009-11-16.E01/vol_vol2/WINDOWS/Prefetch/UPDATE.EXE-2B72BD4F.pf",,,application/octet-stream,pf
UPDATE.EXE-2FF785CD.pf,"0000-00-00 00:00:00","0000-00-00 00:00:00","0000-00-00 00:00:00","0000-00-00 00:00:00",0,Unallocated,,unknown,"/img_jo-2009-11-16.E01/vol_vol2/WINDOWS/Prefetch/UPDATE.EXE-2FF785CD.pf",,,application/octet-stream,pf
UPDATE.EXE-307CC304.pf,"0000-00-00 00:00:00","0000-00-00 00:00:00","0000-00-00 00:00:00","0000-00-00 00:00:00",0,Unallocated,,unknown,"/img_jo-2009-11-16.E01/vol_vol2/WINDOWS/Prefetch/UPDATE.EXE-307CC304.pf",,,application/octet-stream,pf
UPDATE.EXE-30C1D759.pf,"0000-00-00 00:00:00","0000-00-00 00:00:00","0000-00-00 00:00:00","0000-00-00 00:00:00",0,Unallocated,,unknown,"/img_jo-2009-11-16.E01/vol_vol2/WINDOWS/Prefetch/UPDATE.EXE-30C1D759.pf",,,application/octet-stream,pf
UPDATE.EXE-31C66815.pf,"0000-00-00 00:00:00","0000-00-00 00:00:00","0000-00-00 00:00:00","0000-00-00 00:00:00",0,Unallocated,,unknown,"/img_jo-2009-11-16.E01/vol_vol2/WINDOWS/Prefetch/UPDATE.EXE-31C66815.pf",,,application/octet-stream,pf
UPDATE.EXE-3337839D.pf,"0000-00-00 00:00:00","0000-00-00 00:00:00","0000-00-00 00:00:00","0000-00-00 00:00:00",0,Unallocated,,unknown,"/img_jo-2009-11-16.E01/vol_vol2/WINDOWS/Prefetch/UPDATE.EXE-3337839D.pf",,,application/octet-stream,pf
UPDATE.EXE-3337839D.pf,"0000-00-00 00:00:00","0000-00-00 00:00:00","0000-00-00 00:00:00","0000-00-00 00:00:00",0,Unallocated,,unknown,"/img_jo-2009-11-16.E01/vol_vol2/WINDOWS/Prefetch/UPDATE.EXE-3337839D.pf",,,application/octet-stream,pf
UPDATE.EXE-36841796.pf,"0000-00-00 00:00:00","0000-00-00 00:00:00","0000-00-00 00:00:00","0000-00-00 00:00:00",0,Unallocated,,unknown,"/img_jo-2009-11-16.E01/vol_vol2/WINDOWS/Prefetch/UPDATE.EXE-36841796.pf",,,application/octet-stream,pf
WPABALN.EXE-18F87702.pf,"0000-00-00 00:00:00","0000-00-00 00:00:00","0000-00-00 00:00:00","0000-00-00 00:00:00",0,Unallocated,,unknown,"/img_jo-2009-11-16.E01/vol_vol2/WINDOWS/Prefetch/WPABALN.EXE-18F87702.pf",,,application/octet-stream,pf
WSCNTFY.EXE-1B24F5EB.pf,"0000-00-00 00:00:00","0000-00-00 00:00:00","0000-00-00 00:00:00","0000-00-00 00:00:00",0,Unallocated,,unknown,"/img_jo-2009-11-16.E01/vol_vol2/WINDOWS/Prefetch/WSCNTFY.EXE-1B24F5EB.pf",,,application/octet-stream,pf
ZIPPER.EXE-2C9C69B1.pf,"0000-00-00 00:00:00","0000-00-00 00:00:00","0000-00-00 00:00:00","0000-00-00 00:00:00",0,Unallocated,,unknown,"/img_jo-2009-11-16.E01/vol_vol2/WINDOWS/Prefetch/ZIPPER.EXE-2C9C69B1.pf",,,application/octet-stream,pf
