"Source Name",URL,"Date Accessed",Title,"Program Name",Domain,"Data Source","Referrer URL"
places.sqlite,"http://www.bing.com/search?q=firefox+download&src=IE-SearchBox&Form=IE8SRC","2009-11-13 03:48:42 EET","firefox download - Bing","FireFox Analyzer",bing.com,jo-2009-11-16.E01,
places.sqlite,"http://www.microsoft.com/windows/internet-explorer/welcome.aspx","2009-11-13 03:48:46 EET","Welcome to Internet Explorer 8","FireFox Analyzer",microsoft.com,jo-2009-11-16.E01,
places.sqlite,"http://go.microsoft.com/fwlink/?LinkId=69157","2009-11-13 03:46:26 EET","http://go.microsoft.com/fwlink/?LinkId=69157","FireFox Analyzer",microsoft.com,jo-2009-11-16.E01,
places.sqlite,"http://www.mozilla.com/en-US/firefox/ie.html","2009-11-13 03:49:32 EET","Firefox Browser | Faster & Safer Internet | Free Download","FireFox Analyzer",mozilla.com,jo-2009-11-16.E01,
places.sqlite,"http://www.msn.com/rss/alsoonmsn.aspx","2009-11-13 03:46:24 EET","Also on MSN","FireFox Analyzer",msn.com,jo-2009-11-16.E01,
places.sqlite,"http://www.mozilla.com/firefox","2009-11-13 03:49:28 EET","http://www.mozilla.com/firefox","FireFox Analyzer",mozilla.com,jo-2009-11-16.E01,
places.sqlite,"http://www.mozilla.com/en-US/products/download.html?product=firefox-3.5.5&os=win&lang=en-US","2009-11-13 03:49:38 EET","Mozilla Download","FireFox Analyzer",mozilla.com,jo-2009-11-16.E01,
places.sqlite,"http://www.google.com/search","2009-11-13 03:49:14 EET","http://www.google.com/search","FireFox Analyzer",google.com,jo-2009-11-16.E01,
places.sqlite,"http://go.microsoft.com/fwlink/?LinkID=121792","2009-11-13 03:46:44 EET","http://go.microsoft.com/fwlink/?LinkID=121792","FireFox Analyzer",microsoft.com,jo-2009-11-16.E01,
places.sqlite,http://www.msn.com/,"2009-11-13 03:49:38 EET",MSN.com,"FireFox Analyzer",msn.com,jo-2009-11-16.E01,
places.sqlite,"http://www.bing.com/search?q=firefox+download&src=IE-SearchBox&Form=IE8SRC&format=rss","2009-11-13 03:48:42 EET",RSS,"FireFox Analyzer",bing.com,jo-2009-11-16.E01,
places.sqlite,http://www.google.com/,"2009-11-13 03:49:04 EET",Google,"FireFox Analyzer",google.com,jo-2009-11-16.E01,
places.sqlite,"http://www.google.com/search?hl=en&source=hp&q=firefox&aq=0&oq=fire&aqi=g10","2009-11-13 03:49:14 EET","firefox - Google Search","FireFox Analyzer",google.com,jo-2009-11-16.E01,
places.sqlite,"http://ftp.heanet.ie/mirrors/ftp.mozilla.org/pub/mozilla.org/firefox/releases/3.5.5/win32/en-US/Firefox%20Setup%203.5.5.exe","2009-11-13 03:50:22 EET","http://ftp.heanet.ie/mirrors/ftp.mozilla.org/pub/mozilla.org/firefox/releases/3.5.5/win32/en-US/Firefox%20Setup%203.5.5.exe","FireFox Analyzer",heanet.ie,jo-2009-11-16.E01,
places.sqlite,"http://www.bing.com/search?q=Download+Firefox+2008&FORM=R5FD","2009-11-13 03:48:38 EET","Download Firefox 2008 - Bing","FireFox Analyzer",bing.com,jo-2009-11-16.E01,
places.sqlite,"http://www.mozilla.com/products/download.html?product=firefox-3.5.5&os=win&lang=en-US","2009-11-13 03:49:34 EET","http://www.mozilla.com/products/download.html?product=firefox-3.5.5&os=win&lang=en-US","FireFox Analyzer",mozilla.com,jo-2009-11-16.E01,
places.sqlite,"http://www.msn.com/rss/PopularSearches.aspx","2009-11-13 03:46:24 EET","Popular Searches","FireFox Analyzer",msn.com,jo-2009-11-16.E01,
places.sqlite,"http://www.msn.com/rss/top5search.aspx","2009-11-13 03:46:24 EET","People in the News","FireFox Analyzer",msn.com,jo-2009-11-16.E01,
places.sqlite,"http://www.bing.com/search?q=Download+Firefox+2008&FORM=R5FD&format=rss","2009-11-13 03:48:38 EET",RSS,"FireFox Analyzer",bing.com,jo-2009-11-16.E01,
places.sqlite,"http://en-us.www.mozilla.com/en-US/firefox/3.5.5/firstrun/","2009-11-13 03:53:04 EET","Welcome to Firefox","FireFox Analyzer",mozilla.com,jo-2009-11-16.E01,
places.sqlite,"http://en-us.start3.mozilla.com/firefox?client=firefox-a&rls=org.mozilla:en-US:official","2009-11-13 03:53:04 EET",firefox,"FireFox Analyzer",mozilla.com,jo-2009-11-16.E01,
places.sqlite,"http://www.google.com/firefox?client=firefox-a&rls=org.mozilla:en-US:official","2009-11-13 03:53:00 EET","Mozilla Firefox Start Page","FireFox Analyzer",google.com,jo-2009-11-16.E01,"http://en-us.start3.mozilla.com/firefox?client=firefox-a&rls=org.mozilla:en-US:official"
places.sqlite,"http://www.google.com/search?q=mozrepl&ie=utf-8&oe=utf-8&aq=t&rls=org.mozilla:en-US:official&client=firefox-a","2009-11-13 03:53:17 EET","mozrepl - Google Search","FireFox Analyzer",google.com,jo-2009-11-16.E01,
places.sqlite,"http://www.google.com/search?q=mozrepl+download&ie=utf-8&oe=utf-8&aq=t&rls=org.mozilla:en-US:official&client=firefox-a","2009-11-13 03:53:29 EET","mozrepl download - Google Search","FireFox Analyzer",google.com,jo-2009-11-16.E01,
places.sqlite,"http://www.google.com/search?hl=en&client=firefox-a&rls=org.mozilla%3Aen-US%3Aofficial&hs=Tpl&q=mozrepl+download&btnG=Search&aq=f&oq=&aqi=","2009-11-13 03:53:39 EET","mozrepl download - Google Search","FireFox Analyzer",google.com,jo-2009-11-16.E01,"http://www.google.com/search?q=mozrepl+download&ie=utf-8&oe=utf-8&aq=t&rls=org.mozilla:en-US:official&client=firefox-a"
places.sqlite,"https://addons.mozilla.org/en-US/firefox/addon/2692","2009-11-13 03:53:56 EET","MozLab :: Add-ons for Firefox","FireFox Analyzer",mozilla.org,jo-2009-11-16.E01,"http://www.google.com/search?hl=en&client=firefox-a&rls=org.mozilla%3Aen-US%3Aofficial&hs=Tpl&q=mozrepl+download&btnG=Search&aq=f&oq=&aqi="
places.sqlite,"http://www.google.com/search?q=mozrepl&ie=utf-8&oe=utf-8&aq=t&rls=org.mozilla:en-US:official&client=firefox-a","2009-11-13 03:54:26 EET","mozrepl - Google Search","FireFox Analyzer",google.com,jo-2009-11-16.E01,
places.sqlite,"http://wiki.github.com/bard/mozrepl","2009-11-13 03:54:35 EET","Home - mozrepl - GitHub","FireFox Analyzer",github.com,jo-2009-11-16.E01,"http://www.google.com/search?q=mozrepl&ie=utf-8&oe=utf-8&aq=t&rls=org.mozilla:en-US:official&client=firefox-a"
places.sqlite,"http://www.google.com/search?q=python+download&ie=utf-8&oe=utf-8&aq=t&rls=org.mozilla:en-US:official&client=firefox-a","2009-11-13 03:55:24 EET","python download - Google Search","FireFox Analyzer",google.com,jo-2009-11-16.E01,
places.sqlite,"http://www.google.com/url?q=http://www.python.org/download/releases/2.6.2/&ei=drz8Su-JHISGMdKG_IgH&sa=X&oi=nshc&resnum=1&ct=result&cd=2&ved=0CAwQzgQoAQ&usg=AFQjCNHsr3HRBwMD-uwHZdHi7SfUIaZruw","2009-11-13 03:55:32 EET",url,"FireFox Analyzer",google.com,jo-2009-11-16.E01,"http://www.google.com/search?q=python+download&ie=utf-8&oe=utf-8&aq=t&rls=org.mozilla:en-US:official&client=firefox-a"
places.sqlite,"http://www.python.org/download/releases/2.6.2/","2009-11-13 03:55:27 EET","Python 2.6.2 Release","FireFox Analyzer",python.org,jo-2009-11-16.E01,"http://www.google.com/url?q=http://www.python.org/download/releases/2.6.2/&ei=drz8Su-JHISGMdKG_IgH&sa=X&oi=nshc&resnum=1&ct=result&cd=2&ved=0CAwQzgQoAQ&usg=AFQjCNHsr3HRBwMD-uwHZdHi7SfUIaZruw"
places.sqlite,"http://www.python.org/download/releases/2.6.4/","2009-11-13 03:55:37 EET","Python 2.6.4 Release","FireFox Analyzer",python.org,jo-2009-11-16.E01,"http://www.python.org/download/releases/2.6.2/"
places.sqlite,"http://www.python.org/ftp/python/2.6.4/python-2.6.4.msi","2009-11-13 03:55:49 EET",python-2.6.4.msi,"FireFox Analyzer",python.org,jo-2009-11-16.E01,"http://www.python.org/download/releases/2.6.4/"
places.sqlite,"http://en-us.start3.mozilla.com/firefox?client=firefox-a&rls=org.mozilla:en-US:official","2009-11-14 00:03:00 EET",firefox,"FireFox Analyzer",mozilla.com,jo-2009-11-16.E01,
places.sqlite,"http://www.google.com/firefox?client=firefox-a&rls=org.mozilla:en-US:official","2009-11-14 00:02:57 EET","Mozilla Firefox Start Page","FireFox Analyzer",google.com,jo-2009-11-16.E01,"http://en-us.start3.mozilla.com/firefox?client=firefox-a&rls=org.mozilla:en-US:official"
places.sqlite,"http://en-us.start3.mozilla.com/firefox?client=firefox-a&rls=org.mozilla:en-US:official","2009-11-16 20:48:04 EET",firefox,"FireFox Analyzer",mozilla.com,jo-2009-11-16.E01,
places.sqlite,"http://www.google.com/firefox?client=firefox-a&rls=org.mozilla:en-US:official","2009-11-16 20:47:58 EET","Mozilla Firefox Start Page","FireFox Analyzer",google.com,jo-2009-11-16.E01,"http://en-us.start3.mozilla.com/firefox?client=firefox-a&rls=org.mozilla:en-US:official"
places.sqlite,"http://www.google.com/firefox?client=firefox-a&rls=org.mozilla:en-US:official","2009-11-16 20:48:04 EET","Mozilla Firefox Start Page","FireFox Analyzer",google.com,jo-2009-11-16.E01,
places.sqlite,"https://registration2.services.openoffice.org/RegistrationWeb/register/urn:st:bf89367e-504b-48ee-99a4-556ff56aee7a?product=OpenOffice.org&locale=en&cid=926117","2009-11-16 20:48:09 EET","urn:st:bf89367e-504b-48ee-99a4-556ff56aee7a","FireFox Analyzer",openoffice.org,jo-2009-11-16.E01,
places.sqlite,"https://registration2.services.openoffice.org/RegistrationWeb/OpenOffice.org/default/en_US/register-login.jsp","2009-11-16 20:48:06 EET","Register Your OpenOffice.org","FireFox Analyzer",openoffice.org,jo-2009-11-16.E01,"https://registration2.services.openoffice.org/RegistrationWeb/register/urn:st:bf89367e-504b-48ee-99a4-556ff56aee7a?product=OpenOffice.org&locale=en&cid=926117"
places.sqlite,http://webmail.m57.biz/,"2009-11-16 20:48:27 EET",webmail.m57.biz,"FireFox Analyzer",m57.biz,jo-2009-11-16.E01,
places.sqlite,"http://webmail.m57.biz/src/login.php","2009-11-16 20:48:23 EET","SquirrelMail - Login","FireFox Analyzer",m57.biz,jo-2009-11-16.E01,http://webmail.m57.biz/
places.sqlite,"http://mailboxes.m57.biz/","2009-11-16 20:48:38 EET","[ Mailbox Manager 1.0 ]","FireFox Analyzer",m57.biz,jo-2009-11-16.E01,"http://webmail.m57.biz/src/login.php"
places.sqlite,"https://registration2.services.openoffice.org/RegistrationWeb/register/urn:st:bf89367e-504b-48ee-99a4-556ff56aee7a?product=OpenOffice.org&locale=en&cid=926117","2009-11-16 20:52:15 EET","urn:st:bf89367e-504b-48ee-99a4-556ff56aee7a","FireFox Analyzer",openoffice.org,jo-2009-11-16.E01,
places.sqlite,"https://registration2.services.openoffice.org/RegistrationWeb/OpenOffice.org/default/en_US/register-login.jsp","2009-11-16 20:52:09 EET","Register Your OpenOffice.org","FireFox Analyzer",openoffice.org,jo-2009-11-16.E01,"https://registration2.services.openoffice.org/RegistrationWeb/register/urn:st:bf89367e-504b-48ee-99a4-556ff56aee7a?product=OpenOffice.org&locale=en&cid=926117"
places.sqlite,"https://registration2.services.openoffice.org/RegistrationWeb/login.do","2009-11-16 20:52:54 EET",login.do,"FireFox Analyzer",openoffice.org,jo-2009-11-16.E01,"https://registration2.services.openoffice.org/RegistrationWeb/OpenOffice.org/default/en_US/register-login.jsp"
places.sqlite,"http://registration2.services.openoffice.org/RegistrationWeb/OpenOffice.org/default/en_US/register-login.jsp?reg_pass2_error=true","2009-11-16 20:52:49 EET",register-login.jsp,"FireFox Analyzer",openoffice.org,jo-2009-11-16.E01,"https://registration2.services.openoffice.org/RegistrationWeb/login.do"
places.sqlite,"https://registration2.services.openoffice.org/","2009-11-16 20:52:49 EET","Sun Microsystems","FireFox Analyzer",openoffice.org,jo-2009-11-16.E01,"http://registration2.services.openoffice.org/RegistrationWeb/OpenOffice.org/default/en_US/register-login.jsp?reg_pass2_error=true"
places.sqlite,"https://inventory.sun.com/inventory/","2009-11-16 20:52:54 EET","Sun Inventory","FireFox Analyzer",sun.com,jo-2009-11-16.E01,"https://registration2.services.openoffice.org/"
places.sqlite,"http://mailboxes.m57.biz/?","2009-11-16 20:54:18 EET",/?,"FireFox Analyzer",m57.biz,jo-2009-11-16.E01,
places.sqlite,"http://mailboxes.m57.biz/?restart=1","2009-11-16 20:54:18 EET","[ Mailbox Manager 1.0 ]","FireFox Analyzer",m57.biz,jo-2009-11-16.E01,"http://mailboxes.m57.biz/?"
places.sqlite,http://www.google.com/,"2009-11-16 20:54:38 EET",Google,"FireFox Analyzer",google.com,jo-2009-11-16.E01,
places.sqlite,"http://en-us.start3.mozilla.com/firefox?client=firefox-a&rls=org.mozilla:en-US:official","2009-11-16 20:54:53 EET",firefox,"FireFox Analyzer",mozilla.com,jo-2009-11-16.E01,
places.sqlite,"http://www.google.com/firefox?client=firefox-a&rls=org.mozilla:en-US:official","2009-11-16 20:54:50 EET","Mozilla Firefox Start Page","FireFox Analyzer",google.com,jo-2009-11-16.E01,"http://en-us.start3.mozilla.com/firefox?client=firefox-a&rls=org.mozilla:en-US:official"
places.sqlite,"http://www.google.com/#hl=en&source=hp&q=wikipedia&aq=0&aqi=g10&oq=wiki&fp=1c443ffcb5a5cce1","2009-11-16 20:55:06 EET","wikipedia - Google Search","FireFox Analyzer",google.com,jo-2009-11-16.E01,
places.sqlite,"http://www.wikipedia.org/","2009-11-16 20:55:16 EET",Wikipedia,"FireFox Analyzer",wikipedia.org,jo-2009-11-16.E01,
places.sqlite,http://en.wikipedia.org/,"2009-11-16 20:55:20 EET",en.wikipedia.org,"FireFox Analyzer",wikipedia.org,jo-2009-11-16.E01,"http://www.wikipedia.org/"
places.sqlite,"http://en.wikipedia.org/wiki/Main_Page","2009-11-16 20:55:16 EET","Wikipedia, the free encyclopedia","FireFox Analyzer",wikipedia.org,jo-2009-11-16.E01,http://en.wikipedia.org/
places.sqlite,http://www.google.com/,"2009-11-16 20:55:34 EET",Google,"FireFox Analyzer",google.com,jo-2009-11-16.E01,
places.sqlite,"http://www.google.com/#hl=en&source=hp&q=dell&aq=f&aqi=g10&oq=&fp=1c443ffcb5a5cce1","2009-11-16 20:55:38 EET","dell - Google Search","FireFox Analyzer",google.com,jo-2009-11-16.E01,
places.sqlite,"http://www.google.com/aclk?sa=L&ai=CKRerEKABS8fFE6P-owTEosCGC-OJsHTvmdnWC5GazwUIABABUOqms9gBYMnu7IbIo_QZyAEBqgQZT9AjfKsHZ9Wmw3uHBUxvgvq-LqLyqGutAw&ggladgrp=368076685&gglcreat=3043822405&sig=AGiWqtyv3fl1uOj4r3KFI4o5-nML8oEW3g&q=http://na.link.decdna.net/n/43643/52191/altfarm.mediaplex.com/1qx79te%3B11%3B4%3B%3B8%3B%3Bbo8fs6%3B10m6dz%3B%3B66wa7%3B%3B1%3B/i/c%3F0%26pq%3D%252fad%252fck%252f12309%252d80731%252d2056%252d0%253fkw%253ddell%252b%2528exact%2529%2526mpre%253dhttp%25253A%25252F%25252Flt%252edell%252ecom%25252Flt%25252Flt%252easpx%25253FCID%25253D16010%252526LID%25253D380485%252526DGC%25253DST%252526DGSeg%25253DDHS%252526DURL%25253Dhttp%25253A%25252F%25252Fwww%252edell%252ecom%25252Fcontent%25252Ftopics%25252Freftopic%252easpx%25252Fbsd%25252Fodg%25252F13263%255fsearch%255fgeneric%255fhsb%25253Fc%2525253dus%25252526cs%2525253d%25252526l%2525253den%25252526s%2525253dgen%252526st%25253Ddell%252526ACD%25253D%253cx%253dthirdPartyTracking%2528%2527%252c%2527%252c1%252c64%2529%253e%252526AID%25253DDHS%255fSystems%26247cr%3D3043822405","2009-11-16 20:55:44 EET",aclk,"FireFox Analyzer",google.com,jo-2009-11-16.E01,
places.sqlite,"http://na.link.decdna.net/n/43643/52191/altfarm.mediaplex.com/1qx79te;11;4;;8;;bo8fs6;10m6dz;;66wa7;;1;/i/c?0&pq=%2fad%2fck%2f12309%2d80731%2d2056%2d0%3fkw%3ddell%2b%28exact%29%26mpre%3dhttp%253A%252F%252Flt%2edell%2ecom%252Flt%252Flt%2easpx%253FCID%253D16010%2526LID%253D380485%2526DGC%253DST%2526DGSeg%253DDHS%2526DURL%253Dhttp%253A%252F%252Fwww%2edell%2ecom%252Fcontent%252Ftopics%252Freftopic%2easpx%252Fbsd%252Fodg%252F13263%5fsearch%5fgeneric%5fhsb%253Fc%25253dus%252526cs%25253d%252526l%25253den%252526s%25253dgen%2526st%253Ddell%2526ACD%253D%3cx%3dthirdPartyTracking%28%27%2c%27%2c1%2c64%29%3e%2526AID%253DDHS%5fSystems&247cr=3043822405","2009-11-16 20:55:36 EET",c,"FireFox Analyzer",decdna.net,jo-2009-11-16.E01,"http://www.google.com/aclk?sa=L&ai=CKRerEKABS8fFE6P-owTEosCGC-OJsHTvmdnWC5GazwUIABABUOqms9gBYMnu7IbIo_QZyAEBqgQZT9AjfKsHZ9Wmw3uHBUxvgvq-LqLyqGutAw&ggladgrp=368076685&gglcreat=3043822405&sig=AGiWqtyv3fl1uOj4r3KFI4o5-nML8oEW3g&q=http://na.link.decdna.net/n/43643/52191/altfarm.mediaplex.com/1qx79te%3B11%3B4%3B%3B8%3B%3Bbo8fs6%3B10m6dz%3B%3B66wa7%3B%3B1%3B/i/c%3F0%26pq%3D%252fad%252fck%252f12309%252d80731%252d2056%252d0%253fkw%253ddell%252b%2528exact%2529%2526mpre%253dhttp%25253A%25252F%25252Flt%252edell%252ecom%25252Flt%25252Flt%252easpx%25253FCID%25253D16010%252526LID%25253D380485%252526DGC%25253DST%252526DGSeg%25253DDHS%252526DURL%25253Dhttp%25253A%25252F%25252Fwww%252edell%252ecom%25252Fcontent%25252Ftopics%25252Freftopic%252easpx%25252Fbsd%25252Fodg%25252F13263%255fsearch%255fgeneric%255fhsb%25253Fc%2525253dus%25252526cs%2525253d%25252526l%2525253den%25252526s%2525253dgen%252526st%25253Ddell%252526ACD%25253D%253cx%253dthirdPartyTracking%2528%2527%252c%2527%252c1%252c64%2529%253e%252526AID%25253DDHS%255fSystems%26247cr%3D3043822405"
places.sqlite,"http://altfarm.mediaplex.com/ad/ck/12309-80731-2056-0?kw=dell+(exact)&mpre=http%3A%2F%2Flt.dell.com%2Flt%2Flt.aspx%3FCID%3D16010%26LID%3D380485%26DGC%3DST%26DGSeg%3DDHS%26DURL%3Dhttp%3A%2F%2Fwww.dell.com%2Fcontent%2Ftopics%2Freftopic.aspx%2Fbsd%2Fodg%2F13263_search_generic_hsb%3Fc%253dus%2526cs%253d%2526l%253den%2526s%253dgen%26st%3Ddell%26ACD%3D52191,8,0,61500887,705832422,1258397715,dell,10399471,3043822405%26AID%3DDHS_Systems","2009-11-16 20:55:37 EET",12309-80731-2056-0,"FireFox Analyzer",mediaplex.com,jo-2009-11-16.E01,"http://na.link.decdna.net/n/43643/52191/altfarm.mediaplex.com/1qx79te;11;4;;8;;bo8fs6;10m6dz;;66wa7;;1;/i/c?0&pq=%2fad%2fck%2f12309%2d80731%2d2056%2d0%3fkw%3ddell%2b%28exact%29%26mpre%3dhttp%253A%252F%252Flt%2edell%2ecom%252Flt%252Flt%2easpx%253FCID%253D16010%2526LID%253D380485%2526DGC%253DST%2526DGSeg%253DDHS%2526DURL%253Dhttp%253A%252F%252Fwww%2edell%2ecom%252Fcontent%252Ftopics%252Freftopic%2easpx%252Fbsd%252Fodg%252F13263%5fsearch%5fgeneric%5fhsb%253Fc%25253dus%252526cs%25253d%252526l%25253den%252526s%25253dgen%2526st%253Ddell%2526ACD%253D%3cx%3dthirdPartyTracking%28%27%2c%27%2c1%2c64%29%3e%2526AID%253DDHS%5fSystems&247cr=3043822405"
places.sqlite,"http://mp.apmebf.com/ad/ck/12309-80731-2056-0?kw=dell+(exact)&mpre=http%3A%2F%2Flt.dell.com%2Flt%2Flt.aspx%3FCID%3D16010%26LID%3D380485%26DGC%3DST%26DGSeg%3DDHS%26DURL%3Dhttp%3A%2F%2Fwww.dell.com%2Fcontent%2Ftopics%2Freftopic.aspx%2Fbsd%2Fodg%2F13263_search_generic_hsb%3Fc%253dus%2526cs%253d%2526l%253den%2526s%253dgen%26st%3Ddell%26ACD%3D52191,8,0,61500887,705832422,1258397715,dell,10399471,3043822405%26AID%3DDHS_Systems&host=altfarm.mediaplex.com","2009-11-16 20:55:38 EET",12309-80731-2056-0,"FireFox Analyzer",apmebf.com,jo-2009-11-16.E01,"http://altfarm.mediaplex.com/ad/ck/12309-80731-2056-0?kw=dell+(exact)&mpre=http%3A%2F%2Flt.dell.com%2Flt%2Flt.aspx%3FCID%3D16010%26LID%3D380485%26DGC%3DST%26DGSeg%3DDHS%26DURL%3Dhttp%3A%2F%2Fwww.dell.com%2Fcontent%2Ftopics%2Freftopic.aspx%2Fbsd%2Fodg%2F13263_search_generic_hsb%3Fc%253dus%2526cs%253d%2526l%253den%2526s%253dgen%26st%3Ddell%26ACD%3D52191,8,0,61500887,705832422,1258397715,dell,10399471,3043822405%26AID%3DDHS_Systems"
places.sqlite,"http://altfarm.mediaplex.com/ad/ck/12309-80731-2056-0?kw=dell+(exact)&mpre=http%3A%2F%2Flt.dell.com%2Flt%2Flt.aspx%3FCID%3D16010%26LID%3D380485%26DGC%3DST%26DGSeg%3DDHS%26DURL%3Dhttp%3A%2F%2Fwww.dell.com%2Fcontent%2Ftopics%2Freftopic.aspx%2Fbsd%2Fodg%2F13263_search_generic_hsb%3Fc%253dus%2526cs%253d%2526l%253den%2526s%253dgen%26st%3Ddell%26ACD%3D52191,8,0,61500887,705832422,1258397715,dell,10399471,3043822405%26AID%3DDHS_Systems&no_cj_c=1&upsid=931701779593","2009-11-16 20:55:38 EET",12309-80731-2056-0,"FireFox Analyzer",mediaplex.com,jo-2009-11-16.E01,"http://mp.apmebf.com/ad/ck/12309-80731-2056-0?kw=dell+(exact)&mpre=http%3A%2F%2Flt.dell.com%2Flt%2Flt.aspx%3FCID%3D16010%26LID%3D380485%26DGC%3DST%26DGSeg%3DDHS%26DURL%3Dhttp%3A%2F%2Fwww.dell.com%2Fcontent%2Ftopics%2Freftopic.aspx%2Fbsd%2Fodg%2F13263_search_generic_hsb%3Fc%253dus%2526cs%253d%2526l%253den%2526s%253dgen%26st%3Ddell%26ACD%3D52191,8,0,61500887,705832422,1258397715,dell,10399471,3043822405%26AID%3DDHS_Systems&host=altfarm.mediaplex.com"
places.sqlite,"http://lt.dell.com/lt/lt.aspx?CID=16010&LID=380485&DGC=ST&DGSeg=DHS&DURL=http://www.dell.com/content/topics/reftopic.aspx/bsd/odg/13263_search_generic_hsb?c%3dus%26cs%3d%26l%3den%26s%3dgen&st=dell&ACD=52191,8,0,61500887,705832422,1258397715,dell,10399471,3043822405&AID=DHS_Systems","2009-11-16 20:55:38 EET",lt.aspx,"FireFox Analyzer",dell.com,jo-2009-11-16.E01,"http://altfarm.mediaplex.com/ad/ck/12309-80731-2056-0?kw=dell+(exact)&mpre=http%3A%2F%2Flt.dell.com%2Flt%2Flt.aspx%3FCID%3D16010%26LID%3D380485%26DGC%3DST%26DGSeg%3DDHS%26DURL%3Dhttp%3A%2F%2Fwww.dell.com%2Fcontent%2Ftopics%2Freftopic.aspx%2Fbsd%2Fodg%2F13263_search_generic_hsb%3Fc%253dus%2526cs%253d%2526l%253den%2526s%253dgen%26st%3Ddell%26ACD%3D52191,8,0,61500887,705832422,1258397715,dell,10399471,3043822405%26AID%3DDHS_Systems&no_cj_c=1&upsid=931701779593"
places.sqlite,"http://www.dell.com/content/topics/reftopic.aspx/bsd/odg/13263_search_generic_hsb?c=us&cs=&l=en&s=gen&ST=dell&dgc=ST&cid=16010&lid=380485&acd=52191,8,0,61500887,705832422,1258397715,dell,10399471,3043822405","2009-11-16 20:55:38 EET","Shop Dell PCs, Computers, Laptops, Servers and More | Dell","FireFox Analyzer",dell.com,jo-2009-11-16.E01,"http://lt.dell.com/lt/lt.aspx?CID=16010&LID=380485&DGC=ST&DGSeg=DHS&DURL=http://www.dell.com/content/topics/reftopic.aspx/bsd/odg/13263_search_generic_hsb?c%3dus%26cs%3d%26l%3den%26s%3dgen&st=dell&ACD=52191,8,0,61500887,705832422,1258397715,dell,10399471,3043822405&AID=DHS_Systems"
places.sqlite,http://www.google.com/,"2009-11-16 20:56:41 EET",Google,"FireFox Analyzer",google.com,jo-2009-11-16.E01,
places.sqlite,"http://www.google.com/#hl=en&source=hp&q=microsoft&aq=0&aqi=g10&oq=micro&fp=1c443ffcb5a5cce1","2009-11-16 20:56:51 EET","microsoft - Google Search","FireFox Analyzer",google.com,jo-2009-11-16.E01,
places.sqlite,"http://www.microsoft.com/","2009-11-16 20:56:51 EET",www.microsoft.com,"FireFox Analyzer",microsoft.com,jo-2009-11-16.E01,
places.sqlite,"http://www.microsoft.com/en/us/default.aspx","2009-11-16 20:56:51 EET","Microsoft Corporation","FireFox Analyzer",microsoft.com,jo-2009-11-16.E01,"http://www.microsoft.com/"
places.sqlite,http://www.google.com/,"2009-11-16 20:57:05 EET",Google,"FireFox Analyzer",google.com,jo-2009-11-16.E01,
places.sqlite,"http://www.google.com/#hl=en&source=hp&q=cnn&aq=f&aqi=n1g10&oq=&fp=1c443ffcb5a5cce1","2009-11-16 20:57:05 EET","cnn - Google Search","FireFox Analyzer",google.com,jo-2009-11-16.E01,
places.sqlite,http://www.cnn.com/,"2009-11-16 20:57:09 EET","CNN.com - Breaking News, U.S., World, Weather, Entertainment & Video News","FireFox Analyzer",cnn.com,jo-2009-11-16.E01,
places.sqlite,"http://www.cnn.com/SHOWBIZ/","2009-11-16 20:58:02 EET","Entertainment News - Movie, TV, Music and Book - Reviews and Gossip - CNN.com","FireFox Analyzer",cnn.com,jo-2009-11-16.E01,http://www.cnn.com/
places.sqlite,http://www.cnn.com/US/,"2009-11-16 20:58:15 EET","U.S. News - Headlines, Stories and Video from CNN.com","FireFox Analyzer",cnn.com,jo-2009-11-16.E01,"http://www.cnn.com/SHOWBIZ/"
places.sqlite,http://www.cnn.com/TECH/,"2009-11-16 21:01:27 EET","Science and Technology News - Computers, Internet, Invention and Innovation Tech from CNN.com","FireFox Analyzer",cnn.com,jo-2009-11-16.E01,http://www.cnn.com/US/
places.sqlite,"http://www.cnn.com/video/","2009-11-16 21:01:45 EET","Video - Breaking News Videos from CNN.com","FireFox Analyzer",cnn.com,jo-2009-11-16.E01,http://www.cnn.com/TECH/
places.sqlite,http://www.google.com/,"2009-11-16 21:01:58 EET",Google,"FireFox Analyzer",google.com,jo-2009-11-16.E01,
places.sqlite,"http://www.google.com/#hl=en&source=hp&q=open+office.org&aq=f&aqi=g10&oq=&fp=1c443ffcb5a5cce1","2009-11-16 21:02:07 EET","open office.org - Google Search","FireFox Analyzer",google.com,jo-2009-11-16.E01,
places.sqlite,"http://www.openoffice.org/","2009-11-16 21:02:12 EET","OpenOffice.org - The Free and Open Productivity Suite","FireFox Analyzer",openoffice.org,jo-2009-11-16.E01,
places.sqlite,http://www.google.com/,"2009-11-16 21:03:40 EET",Google,"FireFox Analyzer",google.com,jo-2009-11-16.E01,
places.sqlite,http://www.uspto.gov/,"2009-11-16 21:03:44 EET","United States Patent and Trademark Office","FireFox Analyzer",uspto.gov,jo-2009-11-16.E01,
places.sqlite,http://www.google.com/,"2009-11-16 21:03:57 EET",Google,"FireFox Analyzer",google.com,jo-2009-11-16.E01,
places.sqlite,"http://www.google.com/#hl=en&source=hp&q=toys&aq=f&aqi=n1g10&oq=&fp=1c443ffcb5a5cce1","2009-11-16 21:04:09 EET","toys - Google Search","FireFox Analyzer",google.com,jo-2009-11-16.E01,
places.sqlite,"http://www.google.com/aclk?sa=l&ai=CzHe-D6IBS4X0L4K4oQTu29jmCsaB53uaz7zyD_aL4AUIABABKANQsoWOtQRgye7shsij9BmgAb6s2_wDyAEBqgQcT9DzxmiJv1wKPu4JL1-FMoBVA3uTPap_cahMJw&sig=AGiWqtw4AkeQ8PQNZVKwhC9KBuXvQdR-qQ&q=http://tracking.searchmarketing.com/click.asp%3FAID%3D204373540","2009-11-16 21:04:13 EET",aclk,"FireFox Analyzer",google.com,jo-2009-11-16.E01,
places.sqlite,"http://www.googleadservices.com/pagead/aclk?sa=L&ai=CzHe-D6IBS4X0L4K4oQTu29jmCsaB53uaz7zyD_aL4AUIABABKANQsoWOtQRgye7shsij9BmgAb6s2_wDyAEBqgQcT9DzxmiJv1wKPu4JL1-FMoBVA3uTPap_cahMJw&val=ChA1ZDU2ODQwYzYyNjFkY2M1EPz18tcEGghPtSHOPZ8ZuiABKAAw7oK2i9zW2-rqAQ&sig=AGiWqtyNH0xDsMk_uTkn-vjaBp__Ki85FA&adurl=http://tracking.searchmarketing.com/click.asp%3FAID%3D204373540","2009-11-16 21:04:08 EET",aclk,"FireFox Analyzer",googleadservices.com,jo-2009-11-16.E01,"http://www.google.com/aclk?sa=l&ai=CzHe-D6IBS4X0L4K4oQTu29jmCsaB53uaz7zyD_aL4AUIABABKANQsoWOtQRgye7shsij9BmgAb6s2_wDyAEBqgQcT9DzxmiJv1wKPu4JL1-FMoBVA3uTPap_cahMJw&sig=AGiWqtw4AkeQ8PQNZVKwhC9KBuXvQdR-qQ&q=http://tracking.searchmarketing.com/click.asp%3FAID%3D204373540"
places.sqlite,"http://tracking.searchmarketing.com/click.asp?AID=204373540","2009-11-16 21:04:09 EET",click.asp,"FireFox Analyzer",searchmarketing.com,jo-2009-11-16.E01,"http://www.googleadservices.com/pagead/aclk?sa=L&ai=CzHe-D6IBS4X0L4K4oQTu29jmCsaB53uaz7zyD_aL4AUIABABKANQsoWOtQRgye7shsij9BmgAb6s2_wDyAEBqgQcT9DzxmiJv1wKPu4JL1-FMoBVA3uTPap_cahMJw&val=ChA1ZDU2ODQwYzYyNjFkY2M1EPz18tcEGghPtSHOPZ8ZuiABKAAw7oK2i9zW2-rqAQ&sig=AGiWqtyNH0xDsMk_uTkn-vjaBp__Ki85FA&adurl=http://tracking.searchmarketing.com/click.asp%3FAID%3D204373540"
places.sqlite,"http://www.toysrus.com/shop/index.jsp?categoryId=2255956&camp=PPC:204373540","2009-11-16 21:04:10 EET","Toysrus.com Home - The Official Toys""R""Us Site - Toys, Games, & More","FireFox Analyzer",toysrus.com,jo-2009-11-16.E01,"http://tracking.searchmarketing.com/click.asp?AID=204373540"
places.sqlite,"http://www.google.com/#hl=en&source=hp&q=toysrus&aq=f&aqi=n1g10&oq=&fp=1c443ffcb5a5cce1","2009-11-16 21:04:26 EET","toysrus - Google Search","FireFox Analyzer",google.com,jo-2009-11-16.E01,
places.sqlite,http://www.toysrus.com/,"2009-11-16 21:04:26 EET",www.toysrus.com,"FireFox Analyzer",toysrus.com,jo-2009-11-16.E01,
places.sqlite,"http://www.toysrus.com/shop/index.jsp?categoryId=2255956","2009-11-16 21:04:24 EET","Toysrus.com Home - The Official Toys""R""Us Site - Toys, Games, & More","FireFox Analyzer",toysrus.com,jo-2009-11-16.E01,http://www.toysrus.com/
places.sqlite,http://www.google.com/,"2009-11-16 21:04:39 EET",Google,"FireFox Analyzer",google.com,jo-2009-11-16.E01,
places.sqlite,"http://www.google.com/#hl=en&source=hp&q=leapfrog&aq=f&aqi=g10&oq=&fp=1c443ffcb5a5cce1","2009-11-16 21:04:39 EET","leapfrog - Google Search","FireFox Analyzer",google.com,jo-2009-11-16.E01,
places.sqlite,http://www.leapfrog.com/,"2009-11-16 21:04:45 EET",www.leapfrog.com,"FireFox Analyzer",leapfrog.com,jo-2009-11-16.E01,
places.sqlite,"http://www.leapfrog.com/en/shop.html","2009-11-16 21:04:42 EET","Educational Toys, Learning Games & Gifts for Kids by LeapFrog","FireFox Analyzer",leapfrog.com,jo-2009-11-16.E01,http://www.leapfrog.com/
places.sqlite,http://www.google.com/,"2009-11-16 21:05:06 EET",Google,"FireFox Analyzer",google.com,jo-2009-11-16.E01,
places.sqlite,"http://www.google.com/#hl=en&source=hp&q=sf+chronicle&aq=0&aqi=g10&oq=sf+ch&fp=1c443ffcb5a5cce1","2009-11-16 21:05:10 EET","sf chronicle - Google Search","FireFox Analyzer",google.com,jo-2009-11-16.E01,
places.sqlite,http://www.sfgate.com/,"2009-11-16 21:05:10 EET","San Francisco Bay Area — News, Sports, Business, Entertainment, Classifieds: SFGate","FireFox Analyzer",sfgate.com,jo-2009-11-16.E01,
places.sqlite,"http://www.sfgate.com/sports/","2009-11-16 21:05:23 EET","SFGate Sports News — San Francisco Bay Area Game Schedules, Scores, Sports Columns, Team Stats & News","FireFox Analyzer",sfgate.com,jo-2009-11-16.E01,http://www.sfgate.com/
places.sqlite,"http://www.sfgate.com/sports/49ers/","2009-11-16 21:05:33 EET","San Francisco 49ers — Sports News at SFGate — NFL Football","FireFox Analyzer",sfgate.com,jo-2009-11-16.E01,"http://www.sfgate.com/sports/"
places.sqlite,"http://www.sfgate.com/sports/giants/","2009-11-16 21:05:45 EET","San Francisco Giants — Sports News at SFGate for MLB Baseball Team the Giants","FireFox Analyzer",sfgate.com,jo-2009-11-16.E01,"http://www.sfgate.com/sports/49ers/"
places.sqlite,http://www.sfgate.com/,"2009-11-16 21:28:24 EET","San Francisco Bay Area — News, Sports, Business, Entertainment, Classifieds: SFGate","FireFox Analyzer",sfgate.com,jo-2009-11-16.E01,"http://www.sfgate.com/sports/giants/"
places.sqlite,"http://www.sfgate.com/cgi-bin/interstitial/main/showad?target_url=http%3A//www.sfgate.com/cgi-bin/article.cgi%3Ff%3D/c/a/2009/11/16/MNAC1AK9NC.DTL%26type%3Dpolitics%26tsp%3D1","2009-11-16 21:28:46 EET","SFGate.com Advertisement","FireFox Analyzer",sfgate.com,jo-2009-11-16.E01,http://www.sfgate.com/
places.sqlite,"http://www.sfgate.com/cgi-bin/article.cgi?f=/c/a/2009/11/16/MNAC1AK9NC.DTL&type=politics&tsp=1","2009-11-16 21:28:46 EET","ACORN puts Jerry Brown in a political pickle","FireFox Analyzer",sfgate.com,jo-2009-11-16.E01,"http://www.sfgate.com/cgi-bin/interstitial/main/showad?target_url=http%3A//www.sfgate.com/cgi-bin/article.cgi%3Ff%3D/c/a/2009/11/16/MNAC1AK9NC.DTL%26type%3Dpolitics%26tsp%3D1"
places.sqlite,"http://www.sfgate.com/cgi-bin/article.cgi?f=/n/a/2009/11/16/national/a103315S87.DTL&tsp=1","2009-11-16 21:30:19 EET","Palin tells Winfrey she prays for Levi Johnston","FireFox Analyzer",sfgate.com,jo-2009-11-16.E01,http://www.sfgate.com/
places.sqlite,"http://www.sfgate.com/cgi-bin/article.cgi?f=/c/a/2009/10/18/FD5S1A23JD.DTL","2009-11-16 21:31:37 EET","Diners like A16's Tokyo restaurant","FireFox Analyzer",sfgate.com,jo-2009-11-16.E01,http://www.sfgate.com/
places.sqlite,"http://www.sfgate.com/cgi-bin/article.cgi?f=/c/a/2009/11/16/BA721AK4NV.DTL","2009-11-16 21:31:55 EET","Google publishes Stanford dissertations online","FireFox Analyzer",sfgate.com,jo-2009-11-16.E01,http://www.sfgate.com/
places.sqlite,"http://en-us.start3.mozilla.com/firefox?client=firefox-a&rls=org.mozilla:en-US:official","2009-11-16 21:34:07 EET",firefox,"FireFox Analyzer",mozilla.com,jo-2009-11-16.E01,
places.sqlite,"http://www.google.com/firefox?client=firefox-a&rls=org.mozilla:en-US:official","2009-11-16 21:34:04 EET","Mozilla Firefox Start Page","FireFox Analyzer",google.com,jo-2009-11-16.E01,"http://en-us.start3.mozilla.com/firefox?client=firefox-a&rls=org.mozilla:en-US:official"
places.sqlite,"http://webmail.m57.biz/src/login.php","2009-11-16 21:34:13 EET","SquirrelMail - Login","FireFox Analyzer",m57.biz,jo-2009-11-16.E01,
places.sqlite,"http://webmail.m57.biz/src/redirect.php","2009-11-16 21:35:40 EET","SquirrelMail - Unknown user or password incorrect.","FireFox Analyzer",m57.biz,jo-2009-11-16.E01,
places.sqlite,"http://webmail.m57.biz/src/login.php","2009-11-16 21:35:40 EET","SquirrelMail - Login","FireFox Analyzer",m57.biz,jo-2009-11-16.E01,"http://webmail.m57.biz/src/redirect.php"
places.sqlite,"http://webmail.m57.biz/src/login.php","2009-11-16 21:36:06 EET","SquirrelMail - Login","FireFox Analyzer",m57.biz,jo-2009-11-16.E01,"http://webmail.m57.biz/src/redirect.php"
places.sqlite,"http://webmail.m57.biz/src/login.php","2009-11-16 21:36:24 EET","SquirrelMail - Login","FireFox Analyzer",m57.biz,jo-2009-11-16.E01,"http://webmail.m57.biz/src/redirect.php"
places.sqlite,"http://mailboxes.m57.biz/","2009-11-16 21:36:24 EET","[ Mailbox Manager 1.0 ]","FireFox Analyzer",m57.biz,jo-2009-11-16.E01,"http://webmail.m57.biz/src/login.php"
places.sqlite,"http://mailboxes.m57.biz/?current_step=Index&next_step=MainPage","2009-11-16 22:56:15 EET","/?current_step=Index&next_step=MainPage","FireFox Analyzer",m57.biz,jo-2009-11-16.E01,
places.sqlite,"http://mailboxes.m57.biz/?restart=1","2009-11-16 22:56:15 EET","[ Mailbox Manager 1.0 ]","FireFox Analyzer",m57.biz,jo-2009-11-16.E01,"http://mailboxes.m57.biz/?current_step=Index&next_step=MainPage"
places.sqlite,http://www.google.com/,"2009-11-16 22:56:32 EET",Google,"FireFox Analyzer",google.com,jo-2009-11-16.E01,
places.sqlite,http://www.cnn.com/,"2009-11-16 22:56:41 EET","CNN.com - Breaking News, U.S., World, Weather, Entertainment & Video News","FireFox Analyzer",cnn.com,jo-2009-11-16.E01,
places.sqlite,"http://www.cnn.com/2009/CRIME/11/13/grace.coldcase.occhi/index.html","2009-11-16 22:57:07 EET","Teen vanished during Hurricane Andrew - CNN.com","FireFox Analyzer",cnn.com,jo-2009-11-16.E01,http://www.cnn.com/
places.sqlite,http://www.cnn.com/US/,"2009-11-16 23:00:32 EET","U.S. News - Headlines, Stories and Video from CNN.com","FireFox Analyzer",cnn.com,jo-2009-11-16.E01,http://www.cnn.com/
places.sqlite,"http://money.cnn.com/2009/11/16/news/economy/detroit_morgue_revisit/index.htm","2009-11-16 23:00:41 EET","Detroit finds dignity in death - Nov. 16, 2009","FireFox Analyzer",cnn.com,jo-2009-11-16.E01,http://www.cnn.com/US/
places.sqlite,http://www.google.com/,"2009-11-16 23:01:11 EET",Google,"FireFox Analyzer",google.com,jo-2009-11-16.E01,
places.sqlite,"http://maps.google.com/maps?hl=en&tab=wl","2009-11-16 23:01:11 EET","Wayne County - Google Maps","FireFox Analyzer",google.com,jo-2009-11-16.E01,http://www.google.com/
places.sqlite,"http://sportsillustrated.cnn.com/2009/writers/don_banks/11/16/colts.pats.insider/index.html?eref=sihp","2009-11-16 23:02:53 EET","Belichick's errant gamble may haunt Pats for entire year - Don Banks - SI.com","FireFox Analyzer",cnn.com,jo-2009-11-16.E01,http://www.cnn.com/US/
places.sqlite,"http://www.google.com/search?q=car+max&ie=utf-8&oe=utf-8&aq=t&rls=org.mozilla:en-US:official&client=firefox-a","2009-11-16 23:06:03 EET","car max - Google Search","FireFox Analyzer",google.com,jo-2009-11-16.E01,
places.sqlite,http://www.carmax.com/,"2009-11-16 23:06:03 EET","CarMax - Browse used cars and new cars online","FireFox Analyzer",carmax.com,jo-2009-11-16.E01,"http://www.google.com/search?q=car+max&ie=utf-8&oe=utf-8&aq=t&rls=org.mozilla:en-US:official&client=firefox-a"
places.sqlite,"http://www.carmax.com/enUS/search-results/default.html?ANa=4294966921&Ep=homepage:homepage+Type","2009-11-16 23:06:17 EET",default.html,"FireFox Analyzer",carmax.com,jo-2009-11-16.E01,http://www.carmax.com/
places.sqlite,"http://www.carmax.com/enUS/zip-entry/default.html?ANa=4294966921&Ep=homepage%3ahomepage+Type","2009-11-16 23:06:14 EET","Car Finder by Zip Code at carmax.com","FireFox Analyzer",carmax.com,jo-2009-11-16.E01,"http://www.carmax.com/enUS/search-results/default.html?ANa=4294966921&Ep=homepage:homepage+Type"
places.sqlite,"http://www.carmax.com/enUS/search-results/default.html?ANa=4294966921&Ep=homepage%3ahomepage+Type&AZ=93940&ADc=90","2009-11-16 23:06:20 EET","Search results at carmax.com","FireFox Analyzer",carmax.com,jo-2009-11-16.E01,"http://www.carmax.com/enUS/zip-entry/default.html?ANa=4294966921&Ep=homepage%3ahomepage+Type"
places.sqlite,"http://www.carmax.com/enUS/search-results/default.html?ANa=4294965709&N=4294966921&D=90&zip=93940&No=0&Ep=homepage:homepage%20Type&Rp=R&PP=20&sV=List&CD=203+662+14+240+398+15+9&Q=86727c9b-9ca9-4dad-b8d5-2bef48acc0cb","2009-11-16 23:06:46 EET","Search results at carmax.com","FireFox Analyzer",carmax.com,jo-2009-11-16.E01,"http://www.carmax.com/enUS/search-results/default.html?ANa=4294966921&Ep=homepage%3ahomepage+Type&AZ=93940&ADc=90"
places.sqlite,"http://www.carmax.com/enUS/search-results/default.html?ANa=4294965709&N=4294966921&D=90&zip=93940&No=0&Ep=homepage:homepage%20Type&Rp=R&PP=20&sV=List&CD=203+662+14+240+398+15+9&Q=86727c9b-9ca9-4dad-b8d5-2bef48acc0cb","2009-11-16 23:07:14 EET","Search results at carmax.com","FireFox Analyzer",carmax.com,jo-2009-11-16.E01,"http://www.carmax.com/enUS/search-results/default.html?ANa=4294966921&Ep=homepage%3ahomepage+Type&AZ=93940&ADc=90"
places.sqlite,"http://www.carmax.com/enUS/view-car/default.html?AVi=2&id=5617725&N=4294966921+4294965709&D=90&zip=93940&No=0&Ep=homepage:homepage%20Type&Rp=R&PP=20&sV=List&CD=203+662+14+240+398+15+9&Q=86727c9b-9ca9-4dad-b8d5-2bef48acc0cb","2009-11-16 23:07:20 EET","2006 Chevrolet Express 1500 in Inglewood, CA- 5617725 at carmax.com","FireFox Analyzer",carmax.com,jo-2009-11-16.E01,"http://www.carmax.com/enUS/search-results/default.html?ANa=4294965709&N=4294966921&D=90&zip=93940&No=0&Ep=homepage:homepage%20Type&Rp=R&PP=20&sV=List&CD=203+662+14+240+398+15+9&Q=86727c9b-9ca9-4dad-b8d5-2bef48acc0cb"
places.sqlite,"http://www.carmax.com/enUS/view-car-gallery/default.html?sn=5617725&zip=95356","2009-11-16 23:07:20 EET",CarMax,"FireFox Analyzer",carmax.com,jo-2009-11-16.E01,"http://www.carmax.com/enUS/view-car/default.html?AVi=2&id=5617725&N=4294966921+4294965709&D=90&zip=93940&No=0&Ep=homepage:homepage%20Type&Rp=R&PP=20&sV=List&CD=203+662+14+240+398+15+9&Q=86727c9b-9ca9-4dad-b8d5-2bef48acc0cb"
places.sqlite,"http://www.carmax.com/enUS/view-car/default.html?AVi=3&id=6082453&N=4294966921+4294965709&D=90&zip=93940&No=0&Ep=homepage:homepage%20Type&Rp=R&PP=20&sV=List&CD=203+662+14+240+398+15+9&Q=86727c9b-9ca9-4dad-b8d5-2bef48acc0cb","2009-11-16 23:08:09 EET","2006 Ford E150 in Buena Park, CA- 6082453 at carmax.com","FireFox Analyzer",carmax.com,jo-2009-11-16.E01,"http://www.carmax.com/enUS/search-results/default.html?ANa=4294965709&N=4294966921&D=90&zip=93940&No=0&Ep=homepage:homepage%20Type&Rp=R&PP=20&sV=List&CD=203+662+14+240+398+15+9&Q=86727c9b-9ca9-4dad-b8d5-2bef48acc0cb"
places.sqlite,"http://www.carmax.com/enUS/view-car-gallery/default.html?sn=6082453&zip=95356","2009-11-16 23:08:15 EET",CarMax,"FireFox Analyzer",carmax.com,jo-2009-11-16.E01,"http://www.carmax.com/enUS/view-car/default.html?AVi=3&id=6082453&N=4294966921+4294965709&D=90&zip=93940&No=0&Ep=homepage:homepage%20Type&Rp=R&PP=20&sV=List&CD=203+662+14+240+398+15+9&Q=86727c9b-9ca9-4dad-b8d5-2bef48acc0cb"
places.sqlite,http://www.espn.com/,"2009-11-17 02:00:18 EET",www.espn.com,"FireFox Analyzer",espn.com,jo-2009-11-16.E01,
places.sqlite,http://espn.go.com/,"2009-11-17 02:00:14 EET","ESPN: The Worldwide Leader In Sports","FireFox Analyzer",go.com,jo-2009-11-16.E01,http://www.espn.com/
places.sqlite,"http://sports-ak.espn.go.com/nfl/index","2009-11-17 02:00:26 EET","NFL Football Teams, Scores, Stats, News, Standings, Rumors - National Football League - ESPN","FireFox Analyzer",go.com,jo-2009-11-16.E01,http://espn.go.com/
places.sqlite,http://www.uspto.gov/,"2009-11-17 02:01:31 EET","United States Patent and Trademark Office","FireFox Analyzer",uspto.gov,jo-2009-11-16.E01,
places.sqlite,"http://www.uspto.gov/patents/basics/index.jsp","2009-11-17 02:01:42 EET",index.jsp,"FireFox Analyzer",uspto.gov,jo-2009-11-16.E01,http://www.uspto.gov/
places.sqlite,"http://www.uspto.gov/patents/basics/index.html","2009-11-17 02:01:39 EET","General Information Concerning Patents","FireFox Analyzer",uspto.gov,jo-2009-11-16.E01,"http://www.uspto.gov/patents/basics/index.jsp"
places.sqlite,"http://www.uspto.gov/patents/publications/index.jsp","2009-11-17 02:01:57 EET","Office of Data Management","FireFox Analyzer",uspto.gov,jo-2009-11-16.E01,"http://www.uspto.gov/patents/basics/index.html"
places.sqlite,"http://www.uspto.gov/products/index.jsp","2009-11-17 02:02:06 EET","Products & Services","FireFox Analyzer",uspto.gov,jo-2009-11-16.E01,"http://www.uspto.gov/patents/publications/index.jsp"
places.sqlite,"http://www.uspto.gov/patents/process/search/","2009-11-17 02:02:15 EET","Search for Patents","FireFox Analyzer",uspto.gov,jo-2009-11-16.E01,"http://www.uspto.gov/products/index.jsp"
places.sqlite,"http://www.uspto.gov/inventors/index.jsp","2009-11-17 02:02:26 EET","Inventors Resources","FireFox Analyzer",uspto.gov,jo-2009-11-16.E01,"http://www.uspto.gov/patents/process/search/"
places.sqlite,"http://www.uspto.gov/inventors/scam_prevention/index.jsp","2009-11-17 02:02:33 EET","Scam Prevention","FireFox Analyzer",uspto.gov,jo-2009-11-16.E01,"http://www.uspto.gov/inventors/index.jsp"
places.sqlite,"http://www.uspto.gov/inventors/independent/index.jsp","2009-11-17 02:02:33 EET","Independent Inventors","FireFox Analyzer",uspto.gov,jo-2009-11-16.E01,"http://www.uspto.gov/inventors/scam_prevention/index.jsp"
places.sqlite,http://www.cnn.com/,"2009-11-17 02:02:42 EET","CNN.com - Breaking News, U.S., World, Weather, Entertainment & Video News","FireFox Analyzer",cnn.com,jo-2009-11-16.E01,
places.sqlite,"http://www.cnn.com/2009/SHOWBIZ/TV/11/16/obit.ober/index.html","2009-11-17 02:02:54 EET","MTV 'Remote Control' host Ken Ober dies - CNN.com","FireFox Analyzer",cnn.com,jo-2009-11-16.E01,http://www.cnn.com/
places.sqlite,"http://www.cnn.com/2009/SHOWBIZ/TV/11/13/jon.gosselin.sues.tlc/index.html","2009-11-17 02:03:56 EET","Jon Gosselin sues TLC for $5 million - CNN.com","FireFox Analyzer",cnn.com,jo-2009-11-16.E01,http://www.cnn.com/
places.sqlite,"http://www.cnn.com/2009/SHOWBIZ/Music/11/13/ashlee.simpson.defends/index.html","2009-11-17 02:05:18 EET","Ashlee Simpson: Don't call my sister fat - CNN.com","FireFox Analyzer",cnn.com,jo-2009-11-16.E01,http://www.cnn.com/
places.sqlite,http://www.cnn.com/TECH/,"2009-11-17 02:07:20 EET","Science and Technology News - Computers, Internet, Invention and Innovation Tech from CNN.com","FireFox Analyzer",cnn.com,jo-2009-11-16.E01,http://www.cnn.com/
places.sqlite,"http://www.cnn.com/2009/TECH/11/16/iphone.jailbreakers/index.html","2009-11-17 02:07:26 EET","Apple battles 'jailbreakers' over iPhone control - CNN.com","FireFox Analyzer",cnn.com,jo-2009-11-16.E01,http://www.cnn.com/TECH/
places.sqlite,"http://www.uspto.gov/ip/rules/index.jsp","2009-11-17 02:08:44 EET",Rulemaking,"FireFox Analyzer",uspto.gov,jo-2009-11-16.E01,"http://www.uspto.gov/inventors/independent/index.jsp"
places.sqlite,"http://www.uspto.gov/ip/rules/index.jsp#heading-1","2009-11-17 02:08:44 EET",index.jsp,"FireFox Analyzer",uspto.gov,jo-2009-11-16.E01,
places.sqlite,"http://www.uspto.gov/cgi-bin/exitconf/internet_exitconf.pl%20?target=www.regulations.gov","2009-11-17 02:08:50 EET","Page Not Found","FireFox Analyzer",uspto.gov,jo-2009-11-16.E01,"http://www.uspto.gov/ip/rules/index.jsp"
places.sqlite,"http://www.uspto.gov/products/catalog/index.jsp","2009-11-17 02:09:02 EET","Products & Services Catalog","FireFox Analyzer",uspto.gov,jo-2009-11-16.E01,"http://www.uspto.gov/ip/rules/index.jsp"
places.sqlite,"http://www.uspto.gov/patents/index.jsp","2009-11-17 02:09:12 EET",Patents,"FireFox Analyzer",uspto.gov,jo-2009-11-16.E01,"http://www.uspto.gov/products/catalog/index.jsp"
places.sqlite,"http://www.uspto.gov/patents/resources/types/index.jsp","2009-11-17 02:09:24 EET","Patents Guidance, Tools & Manuals","FireFox Analyzer",uspto.gov,jo-2009-11-16.E01,"http://www.uspto.gov/patents/index.jsp"
places.sqlite,"http://www.uspto.gov/patents/resources/types/index.jsp#def","2009-11-17 02:09:24 EET",index.jsp,"FireFox Analyzer",uspto.gov,jo-2009-11-16.E01,
index.dat,,"2009-11-10 01:13:47 EET",,"Internet Explorer Analyzer",,,
