"Source Name",URL,"Date Accessed",Name,Value,"Program Name",Domain,"Data Source"
cookies.sqlite,.ad.yieldmanager.com,"2009-11-16 23:04:56 EET",bh,"""b!!!!#!!]t,!!!!$<+T<f""","FireFox Analyzer",yieldmanager.com,jo-2009-11-16.E01
cookies.sqlite,.ad.yieldmanager.com,"2009-11-16 23:04:56 EET",uid,"uid=5ab145e4-cff6-11de-aa33-003048d7250a&_hmacv=1&_salt=2078830812&_keyid=k1&_hmac=03568e39d853b7389237c6c0aec53c85049abf46","FireFox Analyzer",yieldmanager.com,jo-2009-11-16.E01
cookies.sqlite,.atdmt.com,"2009-11-16 23:02:42 EET",AA002,1258076765-8451611,"FireFox Analyzer",atdmt.com,jo-2009-11-16.E01
cookies.sqlite,.atdmt.com,"2009-11-16 23:02:42 EET",MUID,"611DB2154FA54DCDB0788BCDFA0B2087","FireFox Analyzer",atdmt.com,jo-2009-11-16.E01
cookies.sqlite,.bing.com,"2009-11-13 03:52:38 EET",SC,"AE=&AT=","FireFox Analyzer",bing.com,jo-2009-11-16.E01
cookies.sqlite,.bing.com,"2009-11-13 03:52:38 EET",_UR,"OMF=1&OMW=1","FireFox Analyzer",bing.com,jo-2009-11-16.E01
cookies.sqlite,.bing.com,"2009-11-13 03:52:38 EET",MUID,"611DB2154FA54DCDB0788BCDFA0B2087","FireFox Analyzer",bing.com,jo-2009-11-16.E01
cookies.sqlite,.bing.com,"2009-11-13 03:52:38 EET",SRCHD,"D=982187&MS=982187&AF=IE8SRC","FireFox Analyzer",bing.com,jo-2009-11-16.E01
cookies.sqlite,.bing.com,"2009-11-13 03:52:38 EET",SRCHUSR,"AUTOREDIR=0&GEOVAR=&DOB=20091113","FireFox Analyzer",bing.com,jo-2009-11-16.E01
cookies.sqlite,.download.mozilla.org,"2009-11-13 03:52:38 EET",dmo,"10.2.84.4.1258076954884425","FireFox Analyzer",mozilla.org,jo-2009-11-16.E01
cookies.sqlite,.fastclick.net,"2009-11-13 03:52:38 EET",pluto2,151137192161,"FireFox Analyzer",fastclick.net,jo-2009-11-16.E01
cookies.sqlite,.fastclick.net,"2009-11-13 03:52:38 EET",lyc,"AgAAAARxuvxKACAADM1PAABUMwAAuDgAALogA8AA4AUXAQAA","FireFox Analyzer",fastclick.net,jo-2009-11-16.E01
cookies.sqlite,.fastclick.net,"2009-11-13 03:52:38 EET",pluto,151137192161,"FireFox Analyzer",fastclick.net,jo-2009-11-16.E01
cookies.sqlite,.google.com,"2009-11-17 01:41:54 EET",PREF,"ID=5d56840c6261dcc5:U=ead56eb5c16d816e:TM=1258076924:LM=1258076934:S=knxbdrfyGvHSMncR","FireFox Analyzer",google.com,jo-2009-11-16.E01
cookies.sqlite,.google.com,"2009-11-17 01:41:54 EET",NID,"28=cPeRSZCgmyLdymXVT-VfuzetLqhm6N1PFI8DMuEyNeyksPDyvv8xd05c6NUsPCG6JqGN699KkFaKaebxiNKnCZqqntjjh343Qt_9Y5r3q0PM5cZgnFjrszxJaG_PNqxO","FireFox Analyzer",google.com,jo-2009-11-16.E01
cookies.sqlite,.google.com,"2009-11-16 23:01:14 EET",SNID,"28=StLZ2WJDub_42DH-7KgboZLoJ_OhvbzoGToF24JNxA=-LC4ZGvu9zP6Ij14","FireFox Analyzer",google.com,jo-2009-11-16.E01
cookies.sqlite,.interclick.com,"2009-11-13 03:52:38 EET",uid,"u=9064e9d6-587e-4d4b-a88e-af7ffad19847","FireFox Analyzer",interclick.com,jo-2009-11-16.E01
cookies.sqlite,.interclick.com,"2009-11-13 03:52:38 EET",sgm,1635=733722,"FireFox Analyzer",interclick.com,jo-2009-11-16.E01
cookies.sqlite,.live.com,"2009-11-13 03:52:38 EET",MUID,"611DB2154FA54DCDB0788BCDFA0B2087","FireFox Analyzer",live.com,jo-2009-11-16.E01
cookies.sqlite,.m.webtrends.com,"2009-11-16 20:56:53 EET",ACOOKIE,"C8ctADIwNS4xNTUuNjUuMTAzLTUwNzExMDA2NC4zMDA0MTA5MQAAAAAAAAABAAAAVwAAAOq6/Ep1uvxKAQAAABMAAADquvxKdbr8SgAAAAA-","FireFox Analyzer",webtrends.com,jo-2009-11-16.E01
cookies.sqlite,".microsoftwindows.112.2o7.net","2009-11-13 03:52:38 EET",s_vi,"[CS]v1|257E5D3A8515B336-4000018120469371[CE]","FireFox Analyzer",2o7.net,jo-2009-11-16.E01
cookies.sqlite,.microsoft.com,"2009-11-16 20:56:48 EET",mbox,"session#1258076802687-138736#1258078783|PC#1258076802687-138736.11#1260668923|check#true#1258076983","FireFox Analyzer",microsoft.com,jo-2009-11-16.E01
cookies.sqlite,.microsoft.com,"2009-11-16 20:56:48 EET",s_nr,1258076924468,"FireFox Analyzer",microsoft.com,jo-2009-11-16.E01
cookies.sqlite,.microsoft.com,"2009-11-16 20:56:48 EET",s_vnum,"1260668807281%26vn%3D1","FireFox Analyzer",microsoft.com,jo-2009-11-16.E01
cookies.sqlite,.microsoft.com,"2009-11-16 20:56:54 EET",WT_FPC,"id=205.155.65.103-507110064.30041091:lv=1258397814626:ss=1258397814626","FireFox Analyzer",microsoft.com,jo-2009-11-16.E01
cookies.sqlite,.microsoft.com,"2009-11-16 20:56:48 EET",MC1,"GUID=80fd193c56bf944296e442baa23a53fc&HASH=3c19&LV=200911&V=3","FireFox Analyzer",microsoft.com,jo-2009-11-16.E01
cookies.sqlite,.microsoft.com,"2009-11-16 20:56:48 EET",A,"I&I=AxUFAAAAAABQCAAAWB39YppGEyxssw6rOlr3zQ!!","FireFox Analyzer",microsoft.com,jo-2009-11-16.E01
cookies.sqlite,.mozilla.com,"2009-11-17 02:04:14 EET",s_vi,"[CS]v1|257E5D8B8501236E-60000112E0003FA7[CE]","FireFox Analyzer",mozilla.com,jo-2009-11-16.E01
cookies.sqlite,.mozilla.com,"2009-11-17 02:04:14 EET",__utma,"183859642.92323420.1258076970.1258076970.1258077185.2","FireFox Analyzer",mozilla.com,jo-2009-11-16.E01
cookies.sqlite,.mozilla.com,"2009-11-17 02:04:14 EET",__utmz,"183859642.1258076970.1.1.utmccn=(organic)|utmcsr=google|utmctr=firefox|utmcmd=organic","FireFox Analyzer",mozilla.com,jo-2009-11-16.E01
cookies.sqlite,.msnportal.112.2o7.net,"2009-11-13 03:52:38 EET",s_vi,"[CS]v1|257E5D2E8514A03F-60000152001E30CE[CE]","FireFox Analyzer",2o7.net,jo-2009-11-16.E01
cookies.sqlite,.msn.com,"2009-11-16 20:56:51 EET",MC1,"V=3&GUID=df806ddc3c0e492a82661a25665b59d0","FireFox Analyzer",msn.com,jo-2009-11-16.E01
cookies.sqlite,.msn.com,"2009-11-16 20:56:51 EET",MUID,"611DB2154FA54DCDB0788BCDFA0B2087","FireFox Analyzer",msn.com,jo-2009-11-16.E01
cookies.sqlite,.msn.com,"2009-11-16 20:56:51 EET",mh,MSFT,"FireFox Analyzer",msn.com,jo-2009-11-16.E01
cookies.sqlite,.msn.com,"2009-11-16 20:56:51 EET",CC,US,"FireFox Analyzer",msn.com,jo-2009-11-16.E01
cookies.sqlite,.msn.com,"2009-11-16 20:56:51 EET",CULTURE,EN-US,"FireFox Analyzer",msn.com,jo-2009-11-16.E01
cookies.sqlite,.msn.com,"2009-11-16 20:56:51 EET",zip,"z:93940|la:36.6|lo:-121.891|c:US|hr:1","FireFox Analyzer",msn.com,jo-2009-11-16.E01
cookies.sqlite,.rad.microsoft.com,"2009-11-13 03:52:38 EET",FC00,FB=,"FireFox Analyzer",microsoft.com,jo-2009-11-16.E01
cookies.sqlite,.rad.microsoft.com,"2009-11-13 03:52:38 EET",FC01,FB=,"FireFox Analyzer",microsoft.com,jo-2009-11-16.E01
cookies.sqlite,.rad.microsoft.com,"2009-11-13 03:52:38 EET",FC02,FB=,"FireFox Analyzer",microsoft.com,jo-2009-11-16.E01
cookies.sqlite,.rad.microsoft.com,"2009-11-13 03:52:38 EET",FC03,FB=,"FireFox Analyzer",microsoft.com,jo-2009-11-16.E01
cookies.sqlite,.rad.microsoft.com,"2009-11-13 03:52:38 EET",FC04,FB=,"FireFox Analyzer",microsoft.com,jo-2009-11-16.E01
cookies.sqlite,.rad.microsoft.com,"2009-11-13 03:52:38 EET",FC05,FB=,"FireFox Analyzer",microsoft.com,jo-2009-11-16.E01
cookies.sqlite,.rad.microsoft.com,"2009-11-13 03:52:38 EET",FC06,FB=,"FireFox Analyzer",microsoft.com,jo-2009-11-16.E01
cookies.sqlite,.rad.microsoft.com,"2009-11-13 03:52:38 EET",FC07,FB=,"FireFox Analyzer",microsoft.com,jo-2009-11-16.E01
cookies.sqlite,.rad.microsoft.com,"2009-11-13 03:52:38 EET",FC08,FB=,"FireFox Analyzer",microsoft.com,jo-2009-11-16.E01
cookies.sqlite,.rad.microsoft.com,"2009-11-13 03:52:38 EET",FC09,FB=,"FireFox Analyzer",microsoft.com,jo-2009-11-16.E01
cookies.sqlite,.rad.msn.com,"2009-11-16 20:56:52 EET",FC00,FB=,"FireFox Analyzer",msn.com,jo-2009-11-16.E01
cookies.sqlite,.rad.msn.com,"2009-11-16 20:56:52 EET",FC01,FB=,"FireFox Analyzer",msn.com,jo-2009-11-16.E01
cookies.sqlite,.rad.msn.com,"2009-11-16 20:56:52 EET",FC02,FB=,"FireFox Analyzer",msn.com,jo-2009-11-16.E01
cookies.sqlite,.rad.msn.com,"2009-11-16 20:56:52 EET",FC03,FB=,"FireFox Analyzer",msn.com,jo-2009-11-16.E01
cookies.sqlite,.rad.msn.com,"2009-11-16 20:56:52 EET",FC04,FB=,"FireFox Analyzer",msn.com,jo-2009-11-16.E01
cookies.sqlite,.rad.msn.com,"2009-11-16 20:56:52 EET",FC05,FB=,"FireFox Analyzer",msn.com,jo-2009-11-16.E01
cookies.sqlite,.rad.msn.com,"2009-11-16 20:56:52 EET",FC06,FB=,"FireFox Analyzer",msn.com,jo-2009-11-16.E01
cookies.sqlite,.rad.msn.com,"2009-11-16 20:56:52 EET",FC07,FB=,"FireFox Analyzer",msn.com,jo-2009-11-16.E01
cookies.sqlite,.rad.msn.com,"2009-11-16 20:56:52 EET",FC08,FB=,"FireFox Analyzer",msn.com,jo-2009-11-16.E01
cookies.sqlite,.rad.msn.com,"2009-11-16 20:56:52 EET",FC09,FB=,"FireFox Analyzer",msn.com,jo-2009-11-16.E01
cookies.sqlite,.www.bing.com,"2009-11-13 03:52:38 EET",SRCHUID,"V=2&GUID=857EE83E1C094625927C87057BA51C8C","FireFox Analyzer",bing.com,jo-2009-11-16.E01
cookies.sqlite,.www.microsoft.com,"2009-11-16 20:56:48 EET",.ASPXANONYMOUS,"0auc8ZSaygEkAAAAMzg4NWZmNGItYjhjNS00NmFkLWFiZTQtYzBhYTE3YTE3ZjBkSx8Ae0sKkwqhYGqXArHeo4Pz9ew1","FireFox Analyzer",microsoft.com,jo-2009-11-16.E01
cookies.sqlite,.www.microsoft.com,"2009-11-16 20:56:48 EET",WT_NVR,"0=/:1=windows:2=windows/internet-explorer","FireFox Analyzer",microsoft.com,jo-2009-11-16.E01
cookies.sqlite,.www.msn.com,"2009-11-13 03:52:38 EET",expac,"346I4a_30:C|205I4b_30:WP3 msnhp_us_ttg:0","FireFox Analyzer",msn.com,jo-2009-11-16.E01
cookies.sqlite,.www.msn.com,"2009-11-13 03:52:38 EET",hpsvr,"M:5|F:5|T:5|E:5|D:blu|W:F","FireFox Analyzer",msn.com,jo-2009-11-16.E01
cookies.sqlite,.www.msn.com,"2009-11-13 03:52:38 EET",hpcli,W.H|L.|S.|R.|U.L|C.|H.,"FireFox Analyzer",msn.com,jo-2009-11-16.E01
cookies.sqlite,.www.msn.com,"2009-11-13 03:52:38 EET",ushpwea,wc:USCA0724,"FireFox Analyzer",msn.com,jo-2009-11-16.E01
cookies.sqlite,.www.msn.com,"2009-11-13 03:52:38 EET",wpv,1,"FireFox Analyzer",msn.com,jo-2009-11-16.E01
cookies.sqlite,.bbc.co.uk,"2009-11-17 02:04:14 EET",BBC-UID,"64caff5c8b0bbff2275f04fc3187a6d1f34fc371d04091aa54eb9a353d304a0a0Mozilla%2f5%2e0%20%28Windows%3b%20U%3b%20Windows%20NT%205%2e1%3b%20en%2dUS%3b%20rv%3a1%2e9%2e1%2e5%29%20Gecko%2f20091102%20Firefox%2f3%2e5%2e5","FireFox Analyzer",bbc.co.uk,jo-2009-11-16.E01
cookies.sqlite,.addons.mozilla.org,"2009-11-16 20:57:29 EET",__utma,"164683759.588996880.1258077235.1258077235.1258077235.1","FireFox Analyzer",mozilla.org,jo-2009-11-16.E01
cookies.sqlite,.addons.mozilla.org,"2009-11-16 20:57:29 EET",__utmz,"164683759.1258077235.1.1.utmccn=(organic)|utmcsr=google|utmctr=mozrepl+download|utmcmd=organic","FireFox Analyzer",mozilla.org,jo-2009-11-16.E01
cookies.sqlite,.addons.mozilla.org,"2009-11-16 20:57:29 EET",__utmv,164683759.Loggedout,"FireFox Analyzer",mozilla.org,jo-2009-11-16.E01
cookies.sqlite,.wiki.github.com,"2009-11-13 19:28:19 EET",__utma,"111035907.1066958544.1258077272.1258077272.1258077272.1","FireFox Analyzer",github.com,jo-2009-11-16.E01
cookies.sqlite,.wiki.github.com,"2009-11-13 19:28:19 EET",__utmz,"111035907.1258077272.1.1.utmcsr=google|utmccn=(organic)|utmcmd=organic|utmctr=mozrepl","FireFox Analyzer",github.com,jo-2009-11-16.E01
cookies.sqlite,.mailboxes.m57.biz,"2009-11-16 22:56:12 EET",ndnsessiongoo,"gooncg5lvqOCVczcPfCVjsUelRFT61Ogkzmmc3bvNz_1acfe76","FireFox Analyzer",m57.biz,jo-2009-11-16.E01
cookies.sqlite,".registration2.services.openoffice.org","2009-11-16 20:52:10 EET",__utma,"185461162.1865457802.1258397530.1258397530.1258397530.1","FireFox Analyzer",openoffice.org,jo-2009-11-16.E01
cookies.sqlite,".registration2.services.openoffice.org","2009-11-16 20:52:10 EET",__utmz,"185461162.1258397530.1.1.utmccn=(direct)|utmcsr=(direct)|utmcmd=(none)","FireFox Analyzer",openoffice.org,jo-2009-11-16.E01
cookies.sqlite,.sun.com,"2009-11-16 21:02:13 EET",s_vi,"[CS]v1|2580CFA285012A17-6000011000002D8C[CE]","FireFox Analyzer",sun.com,jo-2009-11-16.E01
cookies.sqlite,.inventory.sun.com,"2009-11-16 20:52:58 EET",__utma,"43340157.752182321.1258397578.1258397578.1258397578.1","FireFox Analyzer",sun.com,jo-2009-11-16.E01
cookies.sqlite,.inventory.sun.com,"2009-11-16 20:52:58 EET",__utmz,"43340157.1258397578.1.1.utmccn=(direct)|utmcsr=(direct)|utmcmd=(none)","FireFox Analyzer",sun.com,jo-2009-11-16.E01
cookies.sqlite,.dell.com,"2009-11-16 20:55:36 EET",StormPCookie,"pl=en&pc=us&bandwidth=NA","FireFox Analyzer",dell.com,jo-2009-11-16.E01
cookies.sqlite,.dell.com,"2009-11-16 20:55:36 EET",SITESERVER,"ID=d970c5ca4aa943b0b34a6d96a395af96","FireFox Analyzer",dell.com,jo-2009-11-16.E01
cookies.sqlite,.decdna.net,"2009-11-16 20:55:37 EET","%2edecdna%2enet/%2fn%2f43643/2/e","1258397715/43643/52191/1/0//8/www.google.com/dell/705832422/0/0/61500887///0/1258397715/ct%2c/0/http%3a%2f%2faltfarm%2emediaplex%2ecom%2fad%2fck%2f12309%2d80731%2d2056%2d0%3fkw%3ddell%252b%28exact%29%26mpre%3dhttp%25253A%25252F%25252Flt%2edell%2ecom%25252Flt%25252Flt%2easpx%25253FCID%25253D16010%252526LID%25253D380485%252526DGC%25253DST%252526DGSeg%25253DDHS%252526DURL%25253Dhttp%25253A%25252F%25252Fwww%2edell%2ecom%25252Fcontent%25252Ftopics%25252Freftopic%2easpx%25252Fbsd%25252Fodg%25252F13263%5fsearch%5fgeneric%5fhsb%25253Fc%2525253dus%25252526cs%2525253d%25252526l%2525253den%25252526s%2525253dgen%252526st%25253Ddell%252526ACD%25253D%3cx%3dthirdPartyTracking%28%2527%252c%2527%252c1%252c64%29%3e%252526AID%25253DDHS%5fSystems/10399471/3043822405","FireFox Analyzer",decdna.net,jo-2009-11-16.E01
cookies.sqlite,.apmebf.com,"2009-11-16 20:55:38 EET",S,"4vno4g-46181-1258397715639-dm","FireFox Analyzer",apmebf.com,jo-2009-11-16.E01
cookies.sqlite,.mediaplex.com,"2009-11-17 02:03:54 EET",svid,931701779593,"FireFox Analyzer",mediaplex.com,jo-2009-11-16.E01
cookies.sqlite,.mediaplex.com,"2009-11-17 02:03:54 EET",mojo2,12309:2056,"FireFox Analyzer",mediaplex.com,jo-2009-11-16.E01
cookies.sqlite,.dell.com,"2009-11-16 20:55:44 EET",mbox,"check#true#1258397801|session#1258397740504-582565#1258399601|PC#1258397740504-582565.11#1259607345","FireFox Analyzer",dell.com,jo-2009-11-16.E01
cookies.sqlite,.doubleclick.net,"2009-11-17 02:07:24 EET",id,"cea03ad21000091||t=1258397718|et=730|cs=szmwc8-b","FireFox Analyzer",doubleclick.net,jo-2009-11-16.E01
cookies.sqlite,.247realmedia.com,"2009-11-16 20:55:41 EET",OAX,zZtBZ0sBoBYAC3PU,"FireFox Analyzer",247realmedia.com,jo-2009-11-16.E01
cookies.sqlite,.247realmedia.com,"2009-11-16 20:55:41 EET",RMFM,011NA6jOU101P9,"FireFox Analyzer",247realmedia.com,jo-2009-11-16.E01
cookies.sqlite,.247realmedia.com,"2009-11-16 20:55:41 EET",NXCLICK2,"011NA6jONX_Dell/RTG/1!y!01!1P9!273","FireFox Analyzer",247realmedia.com,jo-2009-11-16.E01
cookies.sqlite,.247realmedia.com,"2009-11-16 20:55:41 EET",RMFD,011NA6jOO101P9,"FireFox Analyzer",247realmedia.com,jo-2009-11-16.E01
cookies.sqlite,.tumri.net,"2009-11-16 21:05:52 EET",C,1760639328|1929384212,"FireFox Analyzer",tumri.net,jo-2009-11-16.E01
cookies.sqlite,ad.yieldmanager.com,"2009-11-16 23:04:59 EET",bh,"""b!!!!$!!]t,!!!!$<+T<f!!v+X!!!!#<,+f>""","FireFox Analyzer",yieldmanager.com,jo-2009-11-16.E01
cookies.sqlite,.advertising.com,"2009-11-16 23:02:58 EET",C2,"s3bAL9YoIwnwFomkVJjRUXkmk6BC1WjhrJpwIg02FAHCdbdBwB","FireFox Analyzer",advertising.com,jo-2009-11-16.E01
cookies.sqlite,.dellinc.tt.omtrdc.net,"2009-11-16 20:55:44 EET",mboxPC,1258397740504-582565.11,"FireFox Analyzer",omtrdc.net,jo-2009-11-16.E01
cookies.sqlite,.imiclk.com,"2009-11-16 20:55:45 EET",OL8U,CT-USR,"FireFox Analyzer",imiclk.com,jo-2009-11-16.E01
cookies.sqlite,.abmr.net,"2009-11-16 21:05:31 EET",01AI,"2-2-362B360E594CBC580E42766986B48E5A2D5E1939942D277F1B8C825C1715AA6E-07763E22690B363EC6B93207A91C4F0A2B08C3BD6483D30A99D15742610E9A68","FireFox Analyzer",abmr.net,jo-2009-11-16.E01
cookies.sqlite,.turn.com,"2009-11-16 20:55:45 EET",uid,8125464654353333116,"FireFox Analyzer",turn.com,jo-2009-11-16.E01
cookies.sqlite,.turn.com,"2009-11-16 20:55:45 EET",pf,"3vki2P-csPsSLcM2JotpnxJq16OFK8oS02oE-rsgLhLfC165l6j1LopTS7YpXWDfmV8c7nFaFCKBt438H976KVw_Qw1z8wH2nDk8OXVUUafSIb_6laWDrMCp2htQ2Qz3_PyK87Nf5KCvZ8oUmI2XZQ","FireFox Analyzer",turn.com,jo-2009-11-16.E01
cookies.sqlite,.imiclk.com,"2009-11-16 20:55:45 EET",BG,"6fekZfWu%3Apg%7E6qg%5Eapg%7E6qn%5Est%7E6qo%7Cabsplt%3Aab%7EA2b%7Cdgsplt%3Adg%7EbgyUnGg%3CQ%7EZz","FireFox Analyzer",imiclk.com,jo-2009-11-16.E01
cookies.sqlite,.imiclk.com,"2009-11-16 20:55:45 EET",RP,"2191%3A1260125722%7C2193%3A1260125722%7C1793%3A1260125722%7C2198%3A1260125722%7C2190%3A1260125722%7C1806%3A1260125722%7C1790%3A1260125722%7C2192%3A1260125722%7C1794%3A1260125722%7C2196%3A1260125722UnGg%3CQ%7EZz","FireFox Analyzer",imiclk.com,jo-2009-11-16.E01
cookies.sqlite,.imiclk.com,"2009-11-16 20:55:45 EET",TS,"6fekZfWu%3A1258397722UnGg%3CQ%7EZz","FireFox Analyzer",imiclk.com,jo-2009-11-16.E01
cookies.sqlite,.dell.com,"2009-11-16 20:55:45 EET",s_vi,"[CS]v1|2580D00D05012354-60000112001F5E93[CE]","FireFox Analyzer",dell.com,jo-2009-11-16.E01
cookies.sqlite,.dell.com,"2009-11-16 20:55:46 EET",bn_u,6922758702687038543,"FireFox Analyzer",dell.com,jo-2009-11-16.E01
cookies.sqlite,m.webtrends.com,"2009-11-16 20:57:02 EET",ACOOKIE,"C8ctADIwNS4xNTUuNjUuMTAzLTUwNzExMDA2NC4zMDA0MTA5MQAAAAAAAAACAAAAVwAAAOq6/Ep1uvxKcAAAAGegAUtnoAFLAQAAABMAAABnoAFLZ6ABSwAAAAA-","FireFox Analyzer",webtrends.com,jo-2009-11-16.E01
cookies.sqlite,ads.cnn.com,"2009-11-17 02:07:23 EET",NGUserID,"a3d04db-19394-1258397810-1","FireFox Analyzer",cnn.com,jo-2009-11-16.E01
cookies.sqlite,.cnn.com,"2009-11-17 02:07:22 EET",s_vi,"[CS]v1|2580D039851D24BB-60000109A01B23A2[CE]","FireFox Analyzer",cnn.com,jo-2009-11-16.E01
cookies.sqlite,.cnn.com,"2009-11-17 02:07:22 EET",adDEmas,"R00&hi&nps.edu&0&usa&803&90720&5&01&S1&M1&2369&","FireFox Analyzer",cnn.com,jo-2009-11-16.E01
cookies.sqlite,.cnn.com,"2009-11-17 02:07:22 EET",adDEon,true,"FireFox Analyzer",cnn.com,jo-2009-11-16.E01
cookies.sqlite,.cnn.com,"2009-11-17 02:07:22 EET",CNNid,"Gaa54548-6041582-1258397858937-1","FireFox Analyzer",cnn.com,jo-2009-11-16.E01
cookies.sqlite,.unicast.com,"2009-11-17 02:06:22 EET",VWCUK200,"L111609/Q38590_7136_82_111609_8_111709_153666x153468x111609x8x8","FireFox Analyzer",unicast.com,jo-2009-11-16.E01
cookies.sqlite,.aus2.mozilla.org,"2009-11-16 20:57:30 EET",aus2a,"10.2.84.101.1258397827.8081","FireFox Analyzer",mozilla.org,jo-2009-11-16.E01
cookies.sqlite,.revsci.net,"2009-11-17 02:07:23 EET",NETID01,-ltyrA8BEgoAAABogxcA,"FireFox Analyzer",revsci.net,jo-2009-11-16.E01
cookies.sqlite,.cnn.com,"2009-11-17 02:07:25 EET",rsi_segs_ttn,"A09801_10014|A09801_10079|A09801_10001|A09801_10002|A09801_10005|A09801_10012|A09801_10050|A09801_10099","FireFox Analyzer",cnn.com,jo-2009-11-16.E01
cookies.sqlite,.cnnaudience.com,"2009-11-16 20:57:59 EET",AUDid,"aa54548-6041582-1258397858937-1","FireFox Analyzer",cnnaudience.com,jo-2009-11-16.E01
cookies.sqlite,.revsci.net,"2009-11-17 02:07:23 EET",NETSEGS_A09801,"b9b06f707864c4cb&A09801&0&4b268aad&0&&4b00b0c8&ccee80c7cdfc35e10b4ae44363c131ed","FireFox Analyzer",revsci.net,jo-2009-11-16.E01
cookies.sqlite,.bs.serving-sys.com,"2009-11-17 02:07:20 EET",eyeblaster,"BWVal=&BWDate=&debuglevel=","FireFox Analyzer",serving-sys.com,jo-2009-11-16.E01
cookies.sqlite,.serving-sys.com,"2009-11-17 02:07:20 EET",A2,"7xmA7NIv06hH0000820wm77Zs77NGE07JL0000820wm77ZoI7NLq07JL0000820wm7","FireFox Analyzer",serving-sys.com,jo-2009-11-16.E01
cookies.sqlite,.serving-sys.com,"2009-11-17 02:07:20 EET",B2,"44Br0820wm741VN0820wm741V80820wm7","FireFox Analyzer",serving-sys.com,jo-2009-11-16.E01
cookies.sqlite,.serving-sys.com,"2009-11-17 02:07:20 EET",C3,"0ldd820wm70000001_0liog410m70000002_","FireFox Analyzer",serving-sys.com,jo-2009-11-16.E01
cookies.sqlite,.serving-sys.com,"2009-11-17 02:07:20 EET",D3,"0ldd01AX820wm70lio04wAg410m7","FireFox Analyzer",serving-sys.com,jo-2009-11-16.E01
cookies.sqlite,.serving-sys.com,"2009-11-17 02:07:20 EET",E2,07JLg410m706hH820wm7,"FireFox Analyzer",serving-sys.com,jo-2009-11-16.E01
cookies.sqlite,.serving-sys.com,"2009-11-17 02:07:20 EET",U,"ff067c78-91f0-4809-8a55-08df2928341f3zA","FireFox Analyzer",serving-sys.com,jo-2009-11-16.E01
cookies.sqlite,www.googleadservices.com,"2009-11-16 21:04:09 EET",Conversion,"Cn9DekhlLUQ2SUJTNFgwTDRLNG9RVHUyOWptQ3NhQjUzdWF6N3p5RF9hTDRBVUlBQkFCS0FOUXNvV090UVJneWU3c2hzaWo5Qm1nQWI2czJfd0R5QUVCcWdRY1Q5RHp4bWlKdjF3S1B1NEpMMS1GTW9CVkEzdVRQYXBfY2FoTUp3EhMI1KW92pqQngIVDRprCh1GM9yyGAEg44H8o8Se8f9sSAE","FireFox Analyzer",googleadservices.com,jo-2009-11-16.E01
cookies.sqlite,.searchmarketing.com,"2009-11-16 21:04:10 EET",SM,"GUID=156d5388%2D373a%2D4ca1%2D901b%2Dc85651f27208&AID=204373540&LastVisitDate=11%2F16%2F2009+2%3A03%3A47+PM&SMCID=290","FireFox Analyzer",searchmarketing.com,jo-2009-11-16.E01
cookies.sqlite,www.toysrus.com,"2009-11-16 21:04:10 EET",browser_id,94194571224,"FireFox Analyzer",toysrus.com,jo-2009-11-16.E01
cookies.sqlite,.toysrus.com,"2009-11-16 21:04:24 EET",mbox,"check#true#1258398325|session#1258398256352-287406#1258400125","FireFox Analyzer",toysrus.com,jo-2009-11-16.E01
cookies.sqlite,www.toysrus.com,"2009-11-16 21:04:25 EET",ClrSSID,1258398258131-43433,"FireFox Analyzer",toysrus.com,jo-2009-11-16.E01
cookies.sqlite,www.toysrus.com,"2009-11-16 21:04:18 EET",ClrOSSID,1258398258131-43433,"FireFox Analyzer",toysrus.com,jo-2009-11-16.E01
cookies.sqlite,www.toysrus.com,"2009-11-16 21:04:18 EET",ClrSCD,1258398258132,"FireFox Analyzer",toysrus.com,jo-2009-11-16.E01
cookies.sqlite,.toysrus.com,"2009-11-16 21:04:25 EET",s_vi,"[CS]v1|2580D11105010E74-40000115805875E5[CE]","FireFox Analyzer",toysrus.com,jo-2009-11-16.E01
cookies.sqlite,.revsci.net,"2009-11-17 02:07:23 EET",rsi_us_1000000,"pUMd5U+g/xMULsTCuemGbZoqtGMjbzSzY1OYQHSw9bNiAgcdTtStEenUjNvg1McX7XQGcbhvUsZr2/wICfep8r8+Z1kpCTaZsPfPDEemzbw9uFojYn0w56y89LftCN6g0g1nGIQWg/b7KCsS6tt0+6GaNKlfw/aq2a3cKrhqIhzLISqgFLvqqlhOn9c1yzNn9awwek0XDKWYToo/y7eNXtddBKVfPd/cCaRhkLS35jaMH3y31qFNCy5zGoACdIYLYCVwWoDiKwyOoIqn9SydjX2Z2tHwFW7OHRdgG+fPNgDoozAhokTHCNw85Eybp2ZfWtOdiXFLvKACZrpZWzvqtmELIPRBjat7AoImHEeZG41Kt29drIQXjmL2YPrvkxAM105etjBNdcbqF2VSRT/LHRRPOR7gy1C3chS9lRVMP4Pi943Ln9cAlg2UwKhRJs8zHNap//XSwvWgfQPen8pKpboBDDbdkuJEoeaXXCjzwsb75x+cjeESvyToWxn+wqv1cGNycEtqJTSQm20xL9ogU3m93B58V0gcbRTOYOydOUQiYj6KtmJM8llIej80/9LzT+f4VrEkyDpF2QOceh1hQdcQayNlJLc6dVX9v1gYDpfnTc0e8+FakhuvtULLPJgijtqdGNaZcp3HrhyQlfC2/XBuF684oN/hw7AWyfePI0+aso8QwrzeD+4HAW/Kyiqg4rUq7HqMowLKMtCLdu40oYcwTkZHDFYxYZ8XqGPFyL4hRro=","FireFox Analyzer",revsci.net,jo-2009-11-16.E01
cookies.sqlite,.leapfrog.com,"2009-11-16 21:04:44 EET",__utma,"30052002.533058515.1258398285.1258398285.1258398285.1","FireFox Analyzer",leapfrog.com,jo-2009-11-16.E01
cookies.sqlite,.leapfrog.com,"2009-11-16 21:04:44 EET",__utmb,30052002.1.10.1258398285,"FireFox Analyzer",leapfrog.com,jo-2009-11-16.E01
cookies.sqlite,.leapfrog.com,"2009-11-16 21:04:44 EET",__utmz,"30052002.1258398285.1.1.utmcsr=google|utmccn=(organic)|utmcmd=organic|utmctr=leapfrog","FireFox Analyzer",leapfrog.com,jo-2009-11-16.E01
cookies.sqlite,.tumri.net,"2009-11-16 21:05:52 EET",t_rt,"H4sIAAAAAAAAAGNgAAHupwwMh49zcXEBAMl2NMwPAAAA","FireFox Analyzer",tumri.net,jo-2009-11-16.E01
cookies.sqlite,secure.leapfrog.com,"2009-11-16 21:04:48 EET",cookieID,79702363,"FireFox Analyzer",leapfrog.com,jo-2009-11-16.E01
cookies.sqlite,.sfgate.com,"2009-11-16 21:31:46 EET",Apache,"205.155.65.103.1258398285379919","FireFox Analyzer",sfgate.com,jo-2009-11-16.E01
cookies.sqlite,.overture.com,"2009-11-16 21:31:35 EET",BX,"5f2f08l5g38if&b=3&s=vc","FireFox Analyzer",overture.com,jo-2009-11-16.E01
cookies.sqlite,.overture.com,"2009-11-16 21:31:52 EET",UserData,"02u3hs9yoaLQsFTjBpsXc2dHVwMTSyMHMwcDFXNU%2bLSi4sTU1JNbEBACNDNxNzV3NHJwsAMzBWFg0=","FireFox Analyzer",overture.com,jo-2009-11-16.E01
cookies.sqlite,.quantserve.com,"2009-11-16 23:02:51 EET",mc,"4b01a250-260d4-ced54-fb921","FireFox Analyzer",quantserve.com,jo-2009-11-16.E01
cookies.sqlite,.yahoo.com,"2009-11-16 23:02:53 EET",B,"81gvtt55g38ig&b=3&s=8l","FireFox Analyzer",yahoo.com,jo-2009-11-16.E01
cookies.sqlite,.yieldmanager.net,"2009-11-16 21:31:34 EET",BX,"81gvtt55g38ig&b=4&s=ve&t=319","FireFox Analyzer",yieldmanager.net,jo-2009-11-16.E01
cookies.sqlite,q1.checkm8.com,"2009-11-16 21:28:22 EET",cm8dccp,ProbeCookiesSupport,"FireFox Analyzer",checkm8.com,jo-2009-11-16.E01
cookies.sqlite,.sfgate.com,"2009-11-16 21:31:46 EET",s_vi,"[CS]v1|2580D12885011F90-6000010A60578C9E[CE]","FireFox Analyzer",sfgate.com,jo-2009-11-16.E01
cookies.sqlite,q1.checkm8.com,"2009-11-16 21:28:22 EET",dt,"93,20091116,OS=WINXP&WM=WM6&RES=RS2&JE=1&UL=en&CE=1","FireFox Analyzer",checkm8.com,jo-2009-11-16.E01
cookies.sqlite,q1.checkm8.com,"2009-11-16 21:28:22 EET",C,oL2SO9vs9661ica,"FireFox Analyzer",checkm8.com,jo-2009-11-16.E01
cookies.sqlite,q1.checkm8.com,"2009-11-16 21:28:22 EET",O,eL2SO9vhgMMSg8WmVBPbBn,"FireFox Analyzer",checkm8.com,jo-2009-11-16.E01
cookies.sqlite,.sfgate.com,"2009-11-16 21:31:46 EET",__qca,"P0-1086830638-1258398319988","FireFox Analyzer",sfgate.com,jo-2009-11-16.E01
cookies.sqlite,.zedo.com,"2009-11-16 21:30:15 EET",FFgeo,16058028,"FireFox Analyzer",zedo.com,jo-2009-11-16.E01
cookies.sqlite,.undertone.com,"2009-11-16 21:05:30 EET",A28X,CT-1,"FireFox Analyzer",undertone.com,jo-2009-11-16.E01
cookies.sqlite,ads.undertone.com,"2009-11-16 21:05:22 EET",UTID,"1327b13030b1bcd2fddfc62c4eabc225","FireFox Analyzer",undertone.com,jo-2009-11-16.E01
cookies.sqlite,ads.undertone.com,"2009-11-16 21:05:22 EET",UTPROFILES,"14564%2317%3A1%7C21%3A1","FireFox Analyzer",undertone.com,jo-2009-11-16.E01
cookies.sqlite,.zedo.com,"2009-11-16 21:30:18 EET",FFad,1:0:0:0,"FireFox Analyzer",zedo.com,jo-2009-11-16.E01
cookies.sqlite,.zedo.com,"2009-11-16 21:30:18 EET",FFcat,"1073,1,7:1073,2,14:1073,8,9:1073,1,14","FireFox Analyzer",zedo.com,jo-2009-11-16.E01
cookies.sqlite,.zedo.com,"2009-11-16 21:30:15 EET",ZEDOIDX,21,"FireFox Analyzer",zedo.com,jo-2009-11-16.E01
cookies.sqlite,.advertising.com,"2009-11-16 23:02:58 EET",ACID,Yb480012583983000023,"FireFox Analyzer",advertising.com,jo-2009-11-16.E01
cookies.sqlite,.advertising.com,"2009-11-16 23:02:58 EET",F1,"BMDqBskAAAAAxztCAEAAYEABAAAABAAAAIAAYEA","FireFox Analyzer",advertising.com,jo-2009-11-16.E01
cookies.sqlite,.advertising.com,"2009-11-16 23:02:58 EET",BASE,"nKgGaL51rUHgriEQErdsPyD!","FireFox Analyzer",advertising.com,jo-2009-11-16.E01
cookies.sqlite,.advertising.com,"2009-11-16 23:02:58 EET",ROLL,"DQwQWdf30wwfECBcUdTko2A!","FireFox Analyzer",advertising.com,jo-2009-11-16.E01
cookies.sqlite,.imrworldwide.com,"2009-11-16 23:00:41 EET",V5,"AStfMR4zITZbIV0-DiYjIy8dJlkrDVInHlLNBw??","FireFox Analyzer",imrworldwide.com,jo-2009-11-16.E01
cookies.sqlite,.imrworldwide.com,"2009-11-16 23:00:41 EET",IMRID,SwGiY9C4JFIAAFin6Io,"FireFox Analyzer",imrworldwide.com,jo-2009-11-16.E01
cookies.sqlite,.truveo.com,"2009-11-16 21:05:34 EET",unique,"b2b3f0eb0386629-d2883fdac676e4f","FireFox Analyzer",truveo.com,jo-2009-11-16.E01
cookies.sqlite,www.sfgate.com,"2009-11-16 21:31:46 EET",__utma,"1.736215576.1258398337.1258398337.1258398337.1","FireFox Analyzer",sfgate.com,jo-2009-11-16.E01
cookies.sqlite,www.sfgate.com,"2009-11-16 21:31:46 EET",__utmb,1.2.10.1258398337,"FireFox Analyzer",sfgate.com,jo-2009-11-16.E01
cookies.sqlite,www.sfgate.com,"2009-11-16 21:31:46 EET",__utmz,"1.1258398337.1.1.utmcsr=sfgate.com|utmccn=(referral)|utmcmd=referral|utmcct=/sports/","FireFox Analyzer",sfgate.com,jo-2009-11-16.E01
cookies.sqlite,.zedo.com,"2009-11-16 21:30:15 EET",ZEDOIDA,"sSDEaAoBAIoAACbsxewAAALM~111609","FireFox Analyzer",zedo.com,jo-2009-11-16.E01
cookies.sqlite,.zedo.com,"2009-11-16 21:30:18 EET",FFChanCap,"1050B1073,2#657740,1#653283#652282|0,1,1:0,1,1:0,1,1","FireFox Analyzer",zedo.com,jo-2009-11-16.E01
cookies.sqlite,.contextweb.com,"2009-11-16 21:05:52 EET",CWVID1,HUk4rf3F,"FireFox Analyzer",contextweb.com,jo-2009-11-16.E01
cookies.sqlite,tag.contextweb.com,"2009-11-16 21:05:52 EET",WC,"^40169_1_11/17/2009 2:05:29 PM","FireFox Analyzer",contextweb.com,jo-2009-11-16.E01
cookies.sqlite,.contextweb.com,"2009-11-16 21:05:52 EET",CDSActionTracking5,"wuNRNfpo|HUk4rf3F|520425|1958|4168|40169|69527|66601|4|306|25|sfgate.com|2|8|1|0|2|1|1||1|1|PNZL6jWDBHxC_ZlK_vSf9LGN0dwdT3PeB42hOSrQ7eM^|I|11/16/2009 2:05:29 PM|12/16/2009 2:05:29 PM","FireFox Analyzer",contextweb.com,jo-2009-11-16.E01
cookies.sqlite,.contextweb.com,"2009-11-16 21:05:52 EET",cr,"24|1|-8589426037555040556|1","FireFox Analyzer",contextweb.com,jo-2009-11-16.E01
cookies.sqlite,.scorecardresearch.com,"2009-11-16 23:04:56 EET",UID,"ffe10d1-209.107.213.112-1258398330","FireFox Analyzer",scorecardresearch.com,jo-2009-11-16.E01
cookies.sqlite,.sfgate.com,"2009-11-16 21:31:33 EET",SFGateInterstitial4,done,"FireFox Analyzer",sfgate.com,jo-2009-11-16.E01
cookies.sqlite,.adinterax.com,"2009-11-16 21:28:43 EET",adxid,01039d4b01a7d4f7,"FireFox Analyzer",adinterax.com,jo-2009-11-16.E01
cookies.sqlite,.adinterax.com,"2009-11-16 21:28:43 EET",adxf,264320@1@564,"FireFox Analyzer",adinterax.com,jo-2009-11-16.E01
cookies.sqlite,.kaango.com,"2009-11-16 21:31:35 EET",PHPSESSID,"da23e605c29642256e9523ad4a3e10b2","FireFox Analyzer",kaango.com,jo-2009-11-16.E01
cookies.sqlite,.sfgate.com,"2009-11-16 21:31:33 EET",comments_per_pg,10,"FireFox Analyzer",sfgate.com,jo-2009-11-16.E01
cookies.sqlite,.sfgate.com,"2009-11-16 21:31:33 EET",anonId,"261ef796-ae64-465e-8bb0-b718259fab45","FireFox Analyzer",sfgate.com,jo-2009-11-16.E01
cookies.sqlite,.afy11.net,"2009-11-16 21:30:16 EET",a,N-njZphbM0yKfRSupwOQGQ,"FireFox Analyzer",afy11.net,jo-2009-11-16.E01
cookies.sqlite,.target.com,"2009-11-16 21:31:36 EET",v1st,42C2A2691604FC80,"FireFox Analyzer",target.com,jo-2009-11-16.E01
cookies.sqlite,analytics.spongecell.com,"2009-11-16 21:31:53 EET",auid,C8ECCksBqJIaFw5LKe0nAg==,"FireFox Analyzer",spongecell.com,jo-2009-11-16.E01
cookies.sqlite,.ads.pointroll.com,"2009-11-16 23:00:40 EET",PRID,"3943468E-3C75-4682-BAAA-58CF570CD3BA","FireFox Analyzer",pointroll.com,jo-2009-11-16.E01
cookies.sqlite,.pointroll.com,"2009-11-16 23:00:40 EET",PRbu,EeIIOdMvS,"FireFox Analyzer",pointroll.com,jo-2009-11-16.E01
cookies.sqlite,.pointroll.com,"2009-11-16 23:00:40 EET",PRgo,BBBAAFMjA,"FireFox Analyzer",pointroll.com,jo-2009-11-16.E01
cookies.sqlite,.ads.pointroll.com,"2009-11-16 23:00:40 EET",PRimp,"83780400-FD4B-52E1-0207-969000490100","FireFox Analyzer",pointroll.com,jo-2009-11-16.E01
cookies.sqlite,.ads.pointroll.com,"2009-11-16 23:00:40 EET",PRca,"|AIFT*1737:1|AIRG*1153:1|#","FireFox Analyzer",pointroll.com,jo-2009-11-16.E01
cookies.sqlite,.ads.pointroll.com,"2009-11-16 23:00:40 EET",PRcp,"|AIFT:1|AIRG:1|#","FireFox Analyzer",pointroll.com,jo-2009-11-16.E01
cookies.sqlite,.ads.pointroll.com,"2009-11-16 23:00:40 EET",PRpl,"|Dbp5:1|DgUi:1|#","FireFox Analyzer",pointroll.com,jo-2009-11-16.E01
cookies.sqlite,.ads.pointroll.com,"2009-11-16 23:00:40 EET",PRcr,"|FQiq:1|FU3R:1|#","FireFox Analyzer",pointroll.com,jo-2009-11-16.E01
cookies.sqlite,.ads.pointroll.com,"2009-11-16 23:00:40 EET",PRpc,"|Dbp5:1|DgUi:1|#","FireFox Analyzer",pointroll.com,jo-2009-11-16.E01
cookies.sqlite,.sfgate.com,"2009-11-16 21:32:18 EET",comments_sort_order,TimeStampDescending,"FireFox Analyzer",sfgate.com,jo-2009-11-16.E01
cookies.sqlite,webmail.m57.biz,"2009-11-16 21:36:19 EET",squirrelmail_language,en_US,"FireFox Analyzer",m57.biz,jo-2009-11-16.E01
cookies.sqlite,.cnn.com,"2009-11-17 02:07:22 EET",SelectedEdition,www,"FireFox Analyzer",cnn.com,jo-2009-11-16.E01
cookies.sqlite,.questionmarket.com,"2009-11-17 02:00:26 EET",ES,"644521-wa}{L-0_648221-x)0|L-h1_653883-zH2|L-0","FireFox Analyzer",questionmarket.com,jo-2009-11-16.E01
cookies.sqlite,.2o7.net,"2009-11-16 23:00:44 EET","s_vi_px7Ex7Dedcx7Ftcrx7Fx7Fx7Cx7Ex7Fth","[CS]v4|2580DEB0851D2A3B-6000010140005D8A|4B01BD60[CE]","FireFox Analyzer",2o7.net,jo-2009-11-16.E01
cookies.sqlite,.facebook.com,"2009-11-16 23:01:46 EET",datr,"1258405216-8e9e039ce03e53ea53f3866354aaafea86fa523e0e3569bba147d","FireFox Analyzer",facebook.com,jo-2009-11-16.E01
cookies.sqlite,.facebook.com,"2009-11-16 23:01:46 EET",locale,en_US,"FireFox Analyzer",facebook.com,jo-2009-11-16.E01
cookies.sqlite,.cnn.com,"2009-11-17 02:07:22 EET","fbsetting_64b385429f05b2492d713f343d05ba02","%7B%22connectState%22%3A2%2C%22oneLineStorySetting%22%3A3%2C%22shortStorySetting%22%3A3%2C%22inFacebook%22%3Afalse%7D","FireFox Analyzer",cnn.com,jo-2009-11-16.E01
cookies.sqlite,.tacoda.net,"2009-11-16 23:02:51 EET",TID,15g3fb21c7v2qk,"FireFox Analyzer",tacoda.net,jo-2009-11-16.E01
cookies.sqlite,.tacoda.net,"2009-11-16 23:02:58 EET",ANRTT,"60130^1^1259010018|50229^1^1259010155","FireFox Analyzer",tacoda.net,jo-2009-11-16.E01
cookies.sqlite,.tacoda.net,"2009-11-16 23:02:58 EET",Tsid,"0^1258405218^1258407155|16399^1258405218^1258407018|16651^1258405355^1258407155","FireFox Analyzer",tacoda.net,jo-2009-11-16.E01
cookies.sqlite,.tacoda.net,"2009-11-16 23:02:58 EET",TData,"99999|^|#|60130|50229","FireFox Analyzer",tacoda.net,jo-2009-11-16.E01
cookies.sqlite,.tacoda.net,"2009-11-16 23:02:58 EET",Anxd,x,"FireFox Analyzer",tacoda.net,jo-2009-11-16.E01
cookies.sqlite,.tacoda.net,"2009-11-16 23:02:58 EET",N,"2:1ddcfe02ee81cfba694dc2c8f1d58371,27a3e26eb8f394717dce820ff793a5e6","FireFox Analyzer",tacoda.net,jo-2009-11-16.E01
cookies.sqlite,.cnn.com,"2009-11-17 02:07:22 EET",AxData,,"FireFox Analyzer",cnn.com,jo-2009-11-16.E01
cookies.sqlite,.cnn.com,"2009-11-17 02:07:22 EET",__qseg,Q_D,"FireFox Analyzer",cnn.com,jo-2009-11-16.E01
cookies.sqlite,.cnn.com,"2009-11-17 02:07:22 EET",__qca,"P0-1853507426-1258405241566","FireFox Analyzer",cnn.com,jo-2009-11-16.E01
cookies.sqlite,.advertising.com,"2009-11-16 23:02:58 EET",GUID,"MTI1ODQwNTM1NjsxOjE1ZzNmYjIxYzd2MnFrOjM2NQ","FireFox Analyzer",advertising.com,jo-2009-11-16.E01
cookies.sqlite,.bluekai.com,"2009-11-16 23:02:58 EET",bkc,"KJhqpLM9W1wYyJY6k2sqiRsOREZxq0vO0M5eTQ19FuWcmQ==","FireFox Analyzer",bluekai.com,jo-2009-11-16.E01
cookies.sqlite,.bluekai.com,"2009-11-16 23:02:58 EET",bku,oyW99sv29DLN6H6P,"FireFox Analyzer",bluekai.com,jo-2009-11-16.E01
cookies.sqlite,.casalemedia.com,"2009-11-16 23:02:53 EET",CMID,TA1xy9Ht58sAAHxXgmEAAAAN,"FireFox Analyzer",casalemedia.com,jo-2009-11-16.E01
cookies.sqlite,.casalemedia.com,"2009-11-16 23:02:53 EET",CMPS,092,"FireFox Analyzer",casalemedia.com,jo-2009-11-16.E01
cookies.sqlite,.casalemedia.com,"2009-11-16 23:02:53 EET",CMPP,004,"FireFox Analyzer",casalemedia.com,jo-2009-11-16.E01
cookies.sqlite,.revsci.net,"2009-11-17 02:07:23 EET",NETSEGS_H07710,"b9b06f707864c4cb&H07710&0&4b26a78d&0&&4b00b49e&ccee80c7cdfc35e10b4ae44363c131ed","FireFox Analyzer",revsci.net,jo-2009-11-16.E01
cookies.sqlite,.cnn.com,"2009-11-17 02:07:22 EET",rsi_segs,,"FireFox Analyzer",cnn.com,jo-2009-11-16.E01
cookies.sqlite,.insightexpressai.com,"2009-11-16 23:00:42 EET",IXAICampaignCounter1431,0,"FireFox Analyzer",insightexpressai.com,jo-2009-11-16.E01
cookies.sqlite,.insightexpressai.com,"2009-11-16 23:00:42 EET",IXAIControlCounter1431,0,"FireFox Analyzer",insightexpressai.com,jo-2009-11-16.E01
cookies.sqlite,.insightexpressai.com,"2009-11-16 23:00:42 EET",IXAIBannerCounter155811,0,"FireFox Analyzer",insightexpressai.com,jo-2009-11-16.E01
cookies.sqlite,.insightexpressai.com,"2009-11-16 23:00:42 EET",IXAIBanners1431,155811,"FireFox Analyzer",insightexpressai.com,jo-2009-11-16.E01
cookies.sqlite,.at.atwola.com,"2009-11-16 23:02:59 EET",ATTACID,"a3Z0aWQ9MTVnM2ZiMjFjN3YycWs=","FireFox Analyzer",atwola.com,jo-2009-11-16.E01
cookies.sqlite,.at.atwola.com,"2009-11-16 23:02:59 EET",ATTAC,"a3ZzZWc9OTk5OTk6NjAxMzA6NTAyMjk=","FireFox Analyzer",atwola.com,jo-2009-11-16.E01
cookies.sqlite,.casalemedia.com,"2009-11-16 23:02:53 EET",CMS,"98863&1258405219","FireFox Analyzer",casalemedia.com,jo-2009-11-16.E01
cookies.sqlite,.casalemedia.com,"2009-11-16 23:02:53 EET",CMST,SwG9Y0sBveYD,"FireFox Analyzer",casalemedia.com,jo-2009-11-16.E01
cookies.sqlite,.casalemedia.com,"2009-11-16 23:02:53 EET",CMDD,"AAGFngEAAYIvAg**","FireFox Analyzer",casalemedia.com,jo-2009-11-16.E01
cookies.sqlite,.casalemedia.com,"2009-11-16 23:02:53 EET",CMD1,"AAEIm0sBvWMAAYIvAAHWZQEBAA**","FireFox Analyzer",casalemedia.com,jo-2009-11-16.E01
cookies.sqlite,.recaptcha.net,"2009-11-16 23:00:46 EET",uid,"fIkLPQQedXcLkXNUux1VEl6nLSUIz1cr4-wQqmR0CZpmvQFLAwMD","FireFox Analyzer",recaptcha.net,jo-2009-11-16.E01
cookies.sqlite,.mmismm.com,"2009-11-16 23:02:52 EET",G,10100000000402909324,"FireFox Analyzer",mmismm.com,jo-2009-11-16.E01
cookies.sqlite,ad.yieldmanager.com,"2009-11-16 23:04:56 EET",ih,"""b!!!!#!(4qT!!!!#<,+dk""","FireFox Analyzer",yieldmanager.com,jo-2009-11-16.E01
cookies.sqlite,ad.yieldmanager.com,"2009-11-16 23:04:56 EET",vuday1,"URD0kNILw.!ALn(","FireFox Analyzer",yieldmanager.com,jo-2009-11-16.E01
cookies.sqlite,ad.yieldmanager.com,"2009-11-16 23:04:59 EET",BX,"81gvtt55g38ig&b=4&s=ve&t=319","FireFox Analyzer",yieldmanager.com,jo-2009-11-16.E01
cookies.sqlite,.casalemedia.com,"2009-11-16 23:02:53 EET",CMD2,"AAE3TUsBveYAAYf6AALOygEBAA**","FireFox Analyzer",casalemedia.com,jo-2009-11-16.E01
cookies.sqlite,".content.yieldmanager.com","2009-11-16 23:02:53 EET",AK1,0,"FireFox Analyzer",yieldmanager.com,jo-2009-11-16.E01
cookies.sqlite,.rubiconproject.com,"2009-11-16 23:02:55 EET",ruid,"194b01bde8cd9b41671b35d1^1^1258405352^3449504103","FireFox Analyzer",rubiconproject.com,jo-2009-11-16.E01
cookies.sqlite,data.cmcore.com,"2009-11-16 23:02:58 EET",CoreID6,50131258405355132123632,"FireFox Analyzer",cmcore.com,jo-2009-11-16.E01
cookies.sqlite,.si.com,"2009-11-16 23:02:58 EET",s_vi,"[CS]v1|2580DEF5851D32A4-600001292032AE5D[CE]","FireFox Analyzer",si.com,jo-2009-11-16.E01
cookies.sqlite,.cnn.com,"2009-11-17 02:07:22 EET",mpp,,"FireFox Analyzer",cnn.com,jo-2009-11-16.E01
cookies.sqlite,"sportsillustrated.cnn.com","2009-11-16 23:04:54 EET",_csoot,1258405379680,"FireFox Analyzer",cnn.com,jo-2009-11-16.E01
cookies.sqlite,"sportsillustrated.cnn.com","2009-11-16 23:04:54 EET",_csuid,Xece21e8631fd91,"FireFox Analyzer",cnn.com,jo-2009-11-16.E01
cookies.sqlite,.clearspring.com,"2009-11-16 23:03:05 EET",uid,Xece21e8631fd91,"FireFox Analyzer",clearspring.com,jo-2009-11-16.E01
cookies.sqlite,.crwdcntrl.net,"2009-11-16 23:04:56 EET",cc,"AB14nGNQSEsyNTczMzROTUs2s0yzSDZLSTa3TEozS05OM7RISjJlAAJvxn2JDGDAqPLv%2FOpmCJuBh68ilomBIQHMkQQRgvKyaALKoWgCKozoKh6gCWQdRxXgPKSBKsBV34AqwJ2wC01F62s0Q%2BdUoWvZiSoAAL0NH0I%3D","FireFox Analyzer",crwdcntrl.net,jo-2009-11-16.E01
cookies.sqlite,.crwdcntrl.net,"2009-11-16 23:04:56 EET",aud,"ABR4nC3Ru0pDQRSF4Tmac8kJKa0tlHQWplFQK2%2BBgGIjpPQNLC2NYmFhoZUgqIVgIb5CHiCNLyAI4rUJWGqhxvk8xflZM7PX2nsmhBDaSW8rhGTy%2B%2B5mP7SHC0fh76vmESMTEeV0RNqxV4koLqhaRP4Zkb3DG3w4ybO2QHWpeWqX9RIsw2LE6KWTc9Q5z5a6pj3WxQzMWiy19KD5Y6MIyiRkK7Aq7xmelI9RL%2BpO4UwTCXUib0rCHriJ7Fr5uOvpq%2FthvW3xHja4mLZ8ZL1DvTKrO%2Fl%2FnxIqV9DguWZaDebaLQbUgXTTVr8kbILXTD1xeqvgUPr68PcLDWopTQ%3D%3D","FireFox Analyzer",crwdcntrl.net,jo-2009-11-16.E01
cookies.sqlite,www.carmax.com,"2009-11-16 23:08:09 EET",KMXCOM,"UPIJWISKMXCOMWEB062T0x0000000e_0xc47648b2CMLMW","FireFox Analyzer",carmax.com,jo-2009-11-16.E01
cookies.sqlite,.carmax.com,"2009-11-16 23:08:06 EET",KmxVisitor_0,"VisitorID=ace632fa-e380-4f49-b734-565b356c7438&CookieDate=11/16/2009 4:05:38 PM&sPerPage=20&sRadius=90&Zip=93940&ZipDate=11/16/2009 4:05:57 PM&ViewedCars=6082453-5617725","FireFox Analyzer",carmax.com,jo-2009-11-16.E01
cookies.sqlite,.carmax.com,"2009-11-16 23:08:10 EET",s_pers,"%20s_visit%3D1%7C1258407490053%3B","FireFox Analyzer",carmax.com,jo-2009-11-16.E01
cookies.sqlite,.carmax.com,"2009-11-16 23:08:07 EET",PrefID,13-329833291,"FireFox Analyzer",carmax.com,jo-2009-11-16.E01
cookies.sqlite,.carmax.com,"2009-11-16 23:08:09 EET",s_vi,"[CS]v1|2580DF53051D3D5C-4000010D8035FF29[CE]","FireFox Analyzer",carmax.com,jo-2009-11-16.E01
cookies.sqlite,.go.com,"2009-11-17 02:00:15 EET",SWID,"03A1E3C4-D4B3-44C7-A9CD-BA422E0F127E","FireFox Analyzer",go.com,jo-2009-11-16.E01
cookies.sqlite,.go.com,"2009-11-17 02:00:15 EET",DE2,"dXNhO2NhO2xvcyBhbGFtaXRvczt0MTs1OzQ7NDs4MDM7MDMzLjc5NDstMTE4LjA2NTs4NDA7NTsyMzY5OzY7dXM7","FireFox Analyzer",go.com,jo-2009-11-16.E01
cookies.sqlite,.espn.go.com,"2009-11-17 02:00:16 EET",userAB,E,"FireFox Analyzer",go.com,jo-2009-11-16.E01
cookies.sqlite,.go.com,"2009-11-17 02:00:24 EET",mbox,"check#true#1258416085|session#1258416016661-441800#1258417885","FireFox Analyzer",go.com,jo-2009-11-16.E01
cookies.sqlite,.espn.go.com,"2009-11-17 02:00:19 EET",pop1_delivered,pop1_true,"FireFox Analyzer",go.com,jo-2009-11-16.E01
cookies.sqlite,.go.com,"2009-11-17 02:00:20 EET",pb_ad,true,"FireFox Analyzer",go.com,jo-2009-11-16.E01
cookies.sqlite,.go.com,"2009-11-17 02:00:20 EET",CRBLM,CBLM-001:,"FireFox Analyzer",go.com,jo-2009-11-16.E01
cookies.sqlite,.go.com,"2009-11-17 02:00:20 EET",DS,"bnBzLmVkdTswO25hdnkgbmV0d29yayBpbmZvcm1hdGlvbiBjZW50ZXI7","FireFox Analyzer",go.com,jo-2009-11-16.E01
cookies.sqlite,.go.com,"2009-11-17 02:00:20 EET",CRBLM_LAST_UPDATE,1258415997,"FireFox Analyzer",go.com,jo-2009-11-16.E01
cookies.sqlite,.go.com,"2009-11-17 02:00:30 EET",s_pers,"%20s_c24%3D1258416030409%7C1353024030409%3B%20s_c24_s%3DFirst%2520Visit%7C1258417830409%3B%20s_gpv_pn%3Despn%253Anfl%253Aindex%7C1258417830416%3B","FireFox Analyzer",go.com,jo-2009-11-16.E01
cookies.sqlite,.go.com,"2009-11-17 02:00:22 EET",s_vi,"[CS]v1|2580F3BF8514BC28-40000167000057DE[CE]","FireFox Analyzer",go.com,jo-2009-11-16.E01
cookies.sqlite,.questionmarket.com,"2009-11-17 02:00:26 EET",CS1,"500001971620-3-2_600001255924-6-1_34132224-17-1","FireFox Analyzer",questionmarket.com,jo-2009-11-16.E01
cookies.sqlite,.eyewonder.com,"2009-11-17 02:05:16 EET",svid,81920149070,"FireFox Analyzer",eyewonder.com,jo-2009-11-16.E01
cookies.sqlite,.eyewonder.com,"2009-11-17 02:05:17 EET",mojo1,s/82567/2,"FireFox Analyzer",eyewonder.com,jo-2009-11-16.E01
cookies.sqlite,.mediaplex.com,"2009-11-17 02:03:54 EET",mojo3,11996:2007,"FireFox Analyzer",mediaplex.com,jo-2009-11-16.E01
cookies.sqlite,.revsci.net,"2009-11-17 02:07:25 EET",rsi_cls_1000000,"pUMlIr2kPwIc1m033+Y1zDU2gVlJJazJLHWVX5Q44cBj9hqEqtfBlTAcjSzykUUWClxYjjqYhXrWpRYxruv53QPeLTAnPza7I5Szln8mA32k/bYBZp8GYuGmVqrMfOa6b3xDM1qSjHTCX1Po97Zg3ScqQ9b3X8y2tVh+ztmiURNpkqHq6yiYO1mO6ywGctcW6XGbww3SeItY2mmCUyORm7tiOqkKOTBSYdA3xwoGkUCE37krL52mvGyZw8fFiugWMNAbSx+xsxBm+XL3lHWM+CYMgQABIqr1ZAdHyuBimDm99q1Q1clezTYdDsAvqkDktMFKS7+Nsc4PbCUdsH71z2B43RxFw6ZTzfYm+nZlBEHjpk5wS1P3zBnnC+V/8MB+GMqIdXRPvlTYIZiQdZE/eDP5uyyQijIcaKlgQpLwbNpm2nxcQm98vnA8y/pqpSWGYMXLaMnxk0+f/XooG5nc0TOUSu1Wge3fNDBqDt4Qxns2yLZdY8WcpezhvrWKrj1sv+m3ss7M1bRBXrKSrQLmUg1DNBRpGjYuDXw2U09ppK5QJ55ezF2wfW8hn/O0MZ7znlcgIvIQz/PgMktrAPyFdbGFtv3ecy5BZ9sR3KAy9WROvYKJe0eq0IP+t2cyol3hmhMuRzfUjJF1ybn36SJrASDdcVhCH2oxTyiX3tbrFh1dE/NIyotsO3CHXH2UWoCS8UgrL5FLpqBxPzq0jR/JLKiH7i5OPf5vKlgTk7dGMsYLQR2Thr9Zcf1s","FireFox Analyzer",revsci.net,jo-2009-11-16.E01
cookies.sqlite,.revsci.net,"2009-11-17 02:07:25 EET",rsi_segs_1000000,"pUPFOUPF7gMQVo3R0NZJg79Y2a6m260agQQ4AmljTTjUs8nYZf+DQaTY/UmNaQzG5+DlRUbpWa5nvoSEGJGhhpeGTvzhvKsOP8TS8BSBR5qKHc2AEzH/3jVrs8E0MYseRV9tUSUIBjBaP/BkkkMdxEluUtTojtYQN06ICU/f9RpQv0b0v6ewVIPmH0fmWDhk7/tU791k7Q==","FireFox Analyzer",revsci.net,jo-2009-11-16.E01
"administrator@ad.yieldmanager[2].txt",,,,,"Internet Explorer Analyzer",,jo-2009-11-16.E01
